city,common_name,count,mean_h
Ahuimanu,Myrtle crape,7,67.49156571428571
Ahuimanu,Plumeria,1,6.56168
Ahuimanu,Royal poinciana,5,62.33596
Ahuimanu,Tulipwood,1,55.77428
Albuquerque,Afghan pine,22,70.09067272727272
Albuquerque,American basswood,1,59.05512
Albuquerque,American elm,22,59.204249090909094
Albuquerque,American holly,1,39.37008
Albuquerque,Amur maple,2,44.29134
Albuquerque,Apple,2,82.021
Albuquerque,Apricot,1,68.89764
Albuquerque,Arizona cypress,8,86.532155
Albuquerque,Arizona sycamore,24,90.63320499999999
Albuquerque,Ash,96,80.790685
Albuquerque,Austrian pine,134,73.13335134328358
Albuquerque,Basswood,2,60.695539999999994
Albuquerque,Bigtooth maple,13,43.912781538461545
Albuquerque,Black locust,11,72.77499636363636
Albuquerque,Blue atlas cedar,3,65.6168
Albuquerque,Blue spruce,19,65.6168
Albuquerque,Boxelder,25,79.13386080000001
Albuquerque,Bradford pear callery pear,12,57.96150666666667
Albuquerque,Bristlecone pine,3,16.4042
Albuquerque,Broadleaf deciduous large,3,99.51881333333334
Albuquerque,Broadleaf deciduous small,11,36.98401454545455
Albuquerque,Bur oak,34,75.36282470588236
Albuquerque,Catalpa,11,51.00214909090909
Albuquerque,Cedar elm,4,44.291340000000005
Albuquerque,Cherry plum,5,41.338584
Albuquerque,Chinese elm,70,69.46006971428572
Albuquerque,Chinese pistache,50,65.5511832
Albuquerque,Chinkapin oak,12,65.6168
Albuquerque,Chitalpa,5,76.771656
Albuquerque,Common chokecherry,23,49.925826086956526
Albuquerque,Cottonwood,25,108.5301872
Albuquerque,Crabapple,117,41.809678974358974
Albuquerque,Crape myrtle,1,39.37008
Albuquerque,Dawn redwood,6,26.24672
Albuquerque,Deodar cedar,27,57.718481481481476
Albuquerque,Desert willow,54,64.15864888888889
Albuquerque,Eastern red cedar,7,103.58080571428572
Albuquerque,Eastern redbud,6,50.30621333333334
Albuquerque,Elm,26,61.326470769230774
Albuquerque,Elm hybrid,65,57.94468184615385
Albuquerque,English oak,5,62.992128
Albuquerque,Ginkgo,2,49.2126
Albuquerque,Globe willow,4,85.30184
Albuquerque,Golden rain tree,43,58.90252279069768
Albuquerque,Green ash,17,65.2308188235294
Albuquerque,Greenstone,6,74.91251333333334
Albuquerque,Hardy rubber tree,4,35.26903
Albuquerque,Honeylocust,140,74.63911
Albuquerque,Italian stone pine,2,90.2231
Albuquerque,Japanese black pine,1,88.58268
Albuquerque,Japanese pagoda tree,33,89.67629333333333
Albuquerque,Japanese zelkova,1,32.8084
Albuquerque,Juniper,12,89.40289
Albuquerque,Kentucky coffeetree,7,51.55605714285714
Albuquerque,Leyland false cypress,12,91.59011666666667
Albuquerque,Limber pine,6,58.50831333333333
Albuquerque,Littleleaf linden,24,70.948165
Albuquerque,Locust,8,57.4147
Albuquerque,London plane,112,77.21691285714284
Albuquerque,Maple,4,70.53806
Albuquerque,Mimosa,7,45.93176
Albuquerque,Mountain ash,2,68.89764
Albuquerque,Netleaf hackberry,4,106.6273
Albuquerque,New mexico locust,10,59.05512
Albuquerque,New mexico olive,3,49.2126
Albuquerque,Northern catalpa,1,114.8294
Albuquerque,Northern hackberry,29,80.88967586206897
Albuquerque,Norway maple,1,114.8294
Albuquerque,Oak,5,53.149608
Albuquerque,Oklahoma redbud,28,43.93982142857143
Albuquerque,One seed juniper,1,108.26772
Albuquerque,Osage orange,5,91.86352000000001
Albuquerque,Pear,56,67.14004714285714
Albuquerque,Pine,2,86.94226
Albuquerque,Pinyon pine,11,61.441185454545455
Albuquerque,Plains cottonwood,5,93.175856
Albuquerque,Plum,20,56.102364
Albuquerque,Ponderosa pine,16,96.78478
Albuquerque,Quaking aspen,1,59.05512
Albuquerque,Raywood ash,57,61.990608421052634
Albuquerque,Rocky mountain juniper,4,85.30184
Albuquerque,Scotch pine,7,83.42707428571428
Albuquerque,Shumard oak,13,67.38340615384615
Albuquerque,Siberian elm,17,77.77520705882353
Albuquerque,Spruce,1,118.11024
Albuquerque,Texas red oak,60,66.21828733333334
Albuquerque,Tree of heaven,9,92.22805777777778
Albuquerque,Velvet ash arizona ash,8,63.97638
Albuquerque,Vitex,8,35.26903
Albuquerque,White ash,30,70.97550533333333
Austin,Afghan pine,2,75.45932
Austin,American elm,164,100.12563536585367
Austin,American hornbeam,2,75.45932
Austin,American persimmon,1,75.45932
Austin,American sweet gum,7,95.61305142857144
Austin,American sycamore,23,107.55449391304349
Austin,Anacacho orchid tree,5,23.622048
Austin,Arizona ash,2,95.14436
Austin,Ashe juniper,13,101.20129538461538
Austin,Bald cypress,116,82.84121
Austin,Big bend yucca,1,26.24672
Austin,Bigtooth maple,35,30.839896
Austin,Black locust,1,75.45932
Austin,Black willow,1,75.45932
Austin,Bradford pear,28,71.94413428571428
Austin,Buckley oak,12,75.73272333333334
Austin,Bur oak,19,70.45172210526316
Austin,California fan palm,4,60.69554
Austin,Canary island date palm,2,13.12336
Austin,Canby oak,1,75.45932
Austin,Carolina laurel cherry,20,68.241472
Austin,Cedar elm,733,72.52760076398363
Austin,Chaste tree,13,50.47446153846154
Austin,Chinaberry,53,73.97365660377358
Austin,Chinese elm,107,56.44884523364487
Austin,Chinese holly,5,35.433071999999996
Austin,Chinese parasol tree,1,75.45932
Austin,Chinese photinia,4,54.95407
Austin,Chinese pistache,23,80.59454782608695
Austin,Chinese tallow,24,94.05074666666667
Austin,Chinquapin oak,22,48.91434181818182
Austin,Condalia,10,55.77428
Austin,Cork oak,1,75.45932
Austin,Crape myrtle (including hybrids),609,46.14725031198686
Austin,Desert willow,5,31.496064
Austin,Durand oak,7,120.92238857142857
Austin,Eastern red cedar,2,65.6168
Austin,Eastern redbud,43,35.4788511627907
Austin,Eastern wax myrtle,1,26.24672
Austin,Edible fig,2,32.8084
Austin,Edible loquat,9,59.41965777777778
Austin,Edible pear,1,75.45932
Austin,Escarpment live oak,503,100.62329757455268
Austin,Firethorn,1,26.24672
Austin,Formosa flamegold,2,82.021
Austin,Glossy privet,36,66.34587555555555
Austin,Goldenrain tree,1,75.45932
Austin,Grapefruit,1,49.2126
Austin,Guadalupe palm,2,26.24672
Austin,Gum bumelia,11,73.9680290909091
Austin,Honey mesquite,9,68.16856444444444
Austin,Indian hawthorne,4,45.11155
Austin,Italian cypress,9,49.94167555555556
Austin,Italian stone pine,4,118.11024
Austin,Japanese persimmon,2,62.33596
Austin,Japanese privet,13,30.537049230769234
Austin,Jerusalem thorn,5,58.398951999999994
Austin,Lacey oak,1,42.65092
Austin,Leadball tree,1,49.2126
Austin,Leafed plum purple,2,26.24672
Austin,Maidenhair tree,1,124.67192
Austin,Mediterranean fan palm,1,39.37008
Austin,Mexican ash,17,82.79296235294117
Austin,Mexican fan palm,16,65.206695
Austin,Mexican plum,3,59.05512000000001
Austin,Mexican sabal palm,9,106.80956888888889
Austin,Mexican sycamore,7,73.11586285714286
Austin,Mock orange tobira,1,75.45932
Austin,Monterey oak,27,67.1964637037037
Austin,Orange,2,26.24672
Austin,Oriental arborvitae,1,75.45932
Austin,Ornamental pear,34,57.414699999999996
Austin,Osage orange,1,124.67192
Austin,Palmetto,5,109.58005600000001
Austin,Peach,2,42.65092
Austin,Pecan,461,107.33542056399133
Austin,Pindo palm,6,32.26159333333333
Austin,Plum,2,26.24672
Austin,Pomegranate,13,35.58449538461538
Austin,Possum haw,6,42.65092
Austin,Post oak,13,98.17282769230769
Austin,Red mulberry,3,75.45932
Austin,Red oak,2,106.6273
Austin,Sharon of rose,4,26.24672
Austin,Shoestring acacia,2,45.93176
Austin,Shumard oak,464,76.93004137931034
Austin,Silk tree mimosa,2,65.6168
Austin,Small's acacia,1,26.24672
Austin,Southern live oak,769,82.1319256697009
Austin,Southern magnolia,6,100.06562000000001
Austin,Stump,20,17.060368
Austin,Sugarberry,158,77.03744556962026
Austin,Texas ash,110,52.702220727272724
Austin,Texas mountain laurel,106,32.529838113207546
Austin,Texas olive,1,26.24672
Austin,Texas persimmon,7,44.525685714285714
Austin,Texas redbud,13,27.760953846153846
Austin,Texas sumac,6,29.527559999999998
Austin,Thornless chilean mesquite,1,52.49344
Austin,Tree of heaven,13,90.85403076923077
Austin,Weeping bottlebrush,7,26.24672
Austin,Western catalpa,1,104.98688
Austin,Western soapberry,1,75.45932
Austin,White mulberry,20,62.992128
Austin,Windmill palm,13,51.98869538461538
Austin,Yaupon,66,32.8581096969697
Austin,Yew pine,1,29.52756
Austin,small vacant planting site,1,26.24672
Austin,tree,1,82.021
Baltimore,Acer truncatum,1,49.2126
Baltimore,Aesculus parviflora,8,14.76378
Baltimore,Allegheny serviceberry,5,29.52756
Baltimore,American beech,139,53.22513812949641
Baltimore,American chestnut,2,98.4252
Baltimore,American elderberry,7,23.903262857142856
Baltimore,American elm,970,67.28089616494844
Baltimore,American filbert,7,25.778028571428568
Baltimore,American holly,563,50.05757655417407
Baltimore,American hophornbeam,84,49.17354238095238
Baltimore,American hornbeam,369,40.890469268292684
Baltimore,American larch,12,41.55730666666667
Baltimore,American linden,1016,64.25085972440945
Baltimore,American plum,2,32.8084
Baltimore,American smoketree,66,35.34359454545454
Baltimore,American snowbell,45,41.04695377777778
Baltimore,American sweetgum,1984,59.33458671370968
Baltimore,American sycamore,319,61.760013166144205
Baltimore,Amur corktree,197,78.623581928934
Baltimore,Amur maackia,29,71.16028827586207
Baltimore,Amur maple,169,46.980075739644974
Baltimore,Apricot,13,46.43650461538462
Baltimore,Arborvitae,394,44.02487583756346
Baltimore,Arizona cypress,1,65.6168
Baltimore,Arnold promise witchhazen,1,39.37008
Baltimore,Ash,11,71.58196363636364
Baltimore,Ash prickly,1,32.8084
Baltimore,Asian white birch,1,65.6168
Baltimore,Atlas cedar,16,72.588585
Baltimore,Austrian pine,335,70.5331632238806
Baltimore,Balkan pine,2,98.4252
Baltimore,Balsam poplar,1,98.4252
Baltimore,Banana,2,19.68504
Baltimore,Bigleaf magnolia,1,91.86352
Baltimore,Bigtooth aspen,3,45.93176
Baltimore,Bitternut hickory,23,60.196281739130434
Baltimore,Black ash,1,114.8294
Baltimore,Black cherry,281,80.19960839857652
Baltimore,Black locust,562,79.93106989323843
Baltimore,Black maple,16,94.32415
Baltimore,Black oak,106,50.26494490566038
Baltimore,Black walnut,166,74.80710481927711
Baltimore,Black willow,24,57.4147
Baltimore,Blackgum,1186,35.04910860033727
Baltimore,Blackhaw,3,25.153106666666663
Baltimore,Blackjack oak,5,30.183727999999995
Baltimore,Boxelder,192,78.41549354166666
Baltimore,Bur oak,161,51.20963304347826
Baltimore,Butternut,12,49.486003333333336
Baltimore,Callery pear,3948,85.5868775177305
Baltimore,Carolina cherrylaurel,1,49.2126
Baltimore,Carolina silverbell,5,30.839896
Baltimore,Castor aralia,1,82.021
Baltimore,Caucasian linden,1,114.8294
Baltimore,Cephalanthus occidentalis,1,22.96588
Baltimore,Chastetree,5,37.401576
Baltimore,Cherry,1,19.68504
Baltimore,Cherry plum,133,39.29607609022557
Baltimore,Cherry/plum,5725,48.042959049781665
Baltimore,Cherrybark oak,1,22.96588
Baltimore,Chestnut oak,230,33.96382626086957
Baltimore,Chinese chestnut,41,93.78401170731708
Baltimore,Chinese elm,1128,70.27629085106383
Baltimore,Chinese fringetree,3,44.83814666666667
Baltimore,Chinese holly,25,51.837272000000006
Baltimore,Chinese juniper,12,53.58705333333334
Baltimore,Chinese parasoltree,2,98.4252
Baltimore,Chinese photinia,1,49.2126
Baltimore,Chinese pistache,51,49.46992078431373
Baltimore,Chinese sweet gum,3,39.37008
Baltimore,Chinese sweetgum,2,65.6168
Baltimore,Chinese tree lilac,2,32.8084
Baltimore,Chinkapin oak,5,48.556432
Baltimore,Cockspur hawthorn,10,42.979003999999996
Baltimore,Colorado spruce,186,70.53806
Baltimore,Common alder,2,21.32546
Baltimore,Common apple,125,47.506563199999995
Baltimore,Common baldcypress,368,38.41614010869565
Baltimore,Common buckthorn,3,38.276466666666664
Baltimore,Common chokecherry,5,34.120736
Baltimore,Common crapemyrtle,1583,35.233278584965255
Baltimore,Common fig,29,24.436601379310343
Baltimore,Common hackberry,919,45.317718128400436
Baltimore,Common lilac,3,32.8084
Baltimore,Common ninebark,1,13.12336
Baltimore,Common pawpaw,50,16.1417328
Baltimore,Common peach,20,31.496064
Baltimore,Common pear,44,53.388214545454545
Baltimore,Common persimmon,144,42.76483805555555
Baltimore,Common witchhazel,49,19.618084081632652
Baltimore,Corkscrew willow,17,67.54670588235295
Baltimore,Corneliancherry dogwood,48,29.185805833333333
Baltimore,Dawn redwood,17,71.7924988235294
Baltimore,Deodar cedar,12,74.36570666666667
Baltimore,Devil maple,2,73.8189
Baltimore,Dogwood,2,31.16798
Baltimore,Dogwoodgray,1,32.8084
Baltimore,Downy serviceberry,13,45.42701538461539
Baltimore,Dwarf chinkapin oak,1,9.84252
Baltimore,Eastern arborvitae,478,40.86636267782427
Baltimore,Eastern cottonwood,41,50.973050731707325
Baltimore,Eastern hemlock,91,75.09878813186813
Baltimore,Eastern redbud,2418,34.557367229114966
Baltimore,Eastern redcedar,531,58.17775789077213
Baltimore,Eastern white pine,507,66.11507353057199
Baltimore,Elm,3,103.89326666666666
Baltimore,English holly,8,27.887140000000002
Baltimore,English oak,95,46.69153347368421
Baltimore,English walnut,2,41.0105
Baltimore,Erythroblastos horsechestnut,1,29.52756
Baltimore,Euonymus,8,27.06693
Baltimore,European ash,4,95.14436
Baltimore,European beech,32,46.5469175
Baltimore,European boxwood,3,53.58705333333333
Baltimore,European hornbeam,125,48.37270496
Baltimore,European larch,4,27.887140000000002
Baltimore,European mountainash,3,45.93176
Baltimore,European white birch,5,40.026247999999995
Baltimore,Falsecypress,1,49.2126
Baltimore,Fig,1,19.68504
Baltimore,Fir china,2,67.25722
Baltimore,Fir douglas,26,83.91379230769232
Baltimore,Flowering crabapple,784,45.79784816326531
Baltimore,Flowering dogwood,942,42.25387566878981
Baltimore,Foster's holly,17,49.791571764705886
Baltimore,Fraser fir,2,73.8189
Baltimore,Fraser photinia,11,35.19446545454545
Baltimore,Freeman maple,1850,71.94970791351352
Baltimore,Ginkgo,1159,64.12216365832614
Baltimore,Glossy privet,1,16.4042
Baltimore,Golden larch,1,39.37008
Baltimore,Goldenraintree,302,60.054581192052986
Baltimore,Gray birch,1,26.24672
Baltimore,Gray dogwood,19,37.988673684210525
Baltimore,Green ash,778,77.1503442159383
Baltimore,Green hawthorn,59,29.19391525423729
Baltimore,Hardy rubbertree,14,71.00675142857143
Baltimore,Hawthorn,469,44.42775019189765
Baltimore,Hedge maple,315,60.6382554920635
Baltimore,Hickory,2,16.4042
Baltimore,Higan cherry,21,52.80590095238095
Baltimore,Himalayan pine,3,52.49344
Baltimore,Hinoki falsecypress,8,54.13386
Baltimore,Holly,18,37.729659999999996
Baltimore,Holly olive,1,42.65092
Baltimore,Honeylocust,45,75.31350488888889
Baltimore,Honeysuckle,8,26.24672
Baltimore,Horsechestnut,278,64.31862589928058
Baltimore,Hybrid dogwood,5,24.934384
Baltimore,Hybrid elm,2213,62.73476070492544
Baltimore,Hybrid holly,10,35.761156
Baltimore,Hybrid magnolia,4,77.91995
Baltimore,Hybrid oak,36,37.00058444444445
Baltimore,Hydrangea,1,19.68504
Baltimore,Igiri tree,1,49.2126
Baltimore,Ilex x,42,65.30433904761905
Baltimore,Incense cedar,2,65.6168
Baltimore,Inkberry,12,40.19029
Baltimore,Italian cypress,3,38.276466666666664
Baltimore,Japanese black pine,75,51.006125866666665
Baltimore,Japanese cryptomeria,47,72.03886978723405
Baltimore,Japanese falsecypress,3,69.99125333333333
Baltimore,Japanese flowering cherry,41,54.09384975609756
Baltimore,Japanese holly,7,29.058868571428572
Baltimore,Japanese maple,537,40.19487217877095
Baltimore,Japanese pagodatree,1212,82.1373994389439
Baltimore,Japanese pepper,2,36.08924
Baltimore,Japanese persimmon,1,13.12336
Baltimore,Japanese red pine,2,62.33596
Baltimore,Japanese snowbell,37,39.636094054054055
Baltimore,Japanese tree lilac,397,37.10572191435769
Baltimore,Japanese white pine,2,55.774280000000005
Baltimore,Japanese zelkova,5735,72.15216463121186
Baltimore,Juniper,14,31.871017142857145
Baltimore,Katsuratree,24,54.95407
Baltimore,Kentucky coffeetree,63,64.88772444444444
Baltimore,Korean pine,1,114.8294
Baltimore,Kousa dogwood,226,36.39409681415929
Baltimore,L,1,49.2126
Baltimore,Laurel oak,1,98.4252
Baltimore,Lawson falsecypress,14,89.05137142857143
Baltimore,Leaf crabapple cut,1,32.8084
Baltimore,Leaf holly myrtle,1,22.96588
Baltimore,Lebanon cedar,1,114.8294
Baltimore,Leyland cypress,338,67.0922073372781
Baltimore,Liquidambar formosana,5,54.461944
Baltimore,Littleleaf linden,4243,79.3347784209286
Baltimore,Live oak,12,21.32546
Baltimore,Loblolly pine,28,46.16610571428571
Baltimore,Lombardy poplar,11,79.33667636363636
Baltimore,London planetree,3702,70.65504294975689
Baltimore,Longleaf pine,2,65.6168
Baltimore,Magnolia,1,22.96588
Baltimore,Manchurian maple,1,49.2126
Baltimore,Maple,22,48.91434181818182
Baltimore,Mimosa,31,39.79341419354839
Baltimore,Miyabe maple,12,39.91688666666666
Baltimore,Mockernut hickory,38,51.37104736842105
Baltimore,Montpellier maple,2,27.88714
Baltimore,Mugo pine,6,28.980753333333336
Baltimore,Nannyberry,2,26.246719999999996
Baltimore,Nootka falsecypress,3,40.46369333333333
Baltimore,Northern catalpa,84,70.1084261904762
Baltimore,Northern pin oak,14,82.25534571428571
Baltimore,Northern red oak,1639,63.78921798657718
Baltimore,Norway maple,2856,85.13412198879553
Baltimore,Norway spruce,142,83.73073352112677
Baltimore,Oak,21,45.93176
Baltimore,Ohio buckeye,91,48.1310043956044
Baltimore,Okame cherry,2,45.93176
Baltimore,Olive autumn,1,49.2126
Baltimore,Orange osage,23,86.30035652173913
Baltimore,Oriental arborvitae,32,51.36565125
Baltimore,Oriental raisin tree,2,60.69554
Baltimore,Oriental spruce,4,75.45932
Baltimore,Overcup oak,197,47.030924670050766
Baltimore,Pagoda dogwood,6,16.951006666666668
Baltimore,Paper birch,4,36.089240000000004
Baltimore,Paper mulberry,6,68.35083333333334
Baltimore,Paperbark maple,28,33.98012857142857
Baltimore,Pecan,6,47.025373333333334
Baltimore,Persian parrotia,41,36.00921951219512
Baltimore,Photinia,1,32.8084
Baltimore,Pignut hickory,85,40.18064047058824
Baltimore,Pin oak,1368,64.7989882748538
Baltimore,Pinus wallichiana,2,106.6273
Baltimore,Pitch pine,1,114.8294
Baltimore,Poncirus trifoliata,2,26.24672
Baltimore,Pond pine,14,85.30184
Baltimore,Poplar,1,98.4252
Baltimore,Post oak,32,54.95407
Baltimore,Pumpkin ash,8,58.23491
Baltimore,Pussy willow,2,32.8084
Baltimore,Quaking aspen,1,19.68504
Baltimore,Queen's crapemyrtle,6,30.62117333333333
Baltimore,Quercus ilicifolia,1,82.021
Baltimore,Quercus montana,1,16.4042
Baltimore,Red buckeye,25,39.37008
Baltimore,Red horsechestnut,72,45.24825166666667
Baltimore,Red maple,9884,71.82264628085795
Baltimore,Red mulberry,46,55.20369913043478
Baltimore,Red pine,6,69.44444666666666
Baltimore,Rhododendron,1,98.4252
Baltimore,River birch,406,66.01276344827586
Baltimore,Rock elm,4,90.2231
Baltimore,Royal paulownia,30,74.25634533333333
Baltimore,Rusty blackhaw viburnum,4,22.14567
Baltimore,Sargent cherry,5,40.682416
Baltimore,Sargent crabapple,1,22.96588
Baltimore,Sassafras,103,58.54547495145631
Baltimore,Saucer magnolia,259,55.82494934362934
Baltimore,Sawtooth oak,555,87.86148634234235
Baltimore,Scarlet oak,725,59.371890758620694
Baltimore,Scotch pine,34,51.0460105882353
Baltimore,Serbian spruce,2,93.50394
Baltimore,Serviceberry,869,31.34731245109321
Baltimore,Shadblow serviceberry,70,27.559055999999998
Baltimore,Shagbark hickory,17,52.3004494117647
Baltimore,Sharon of rose,14,27.88714
Baltimore,Shellbark hickory,1,114.8294
Baltimore,Shingle oak,119,75.29389949579833
Baltimore,Shortleaf pine,5,41.338584
Baltimore,Shumard oak,152,67.84000078947369
Baltimore,Siberian elm,358,76.67817955307262
Baltimore,Silver linden,547,65.52683180987204
Baltimore,Silver maple,1059,85.16552559017941
Baltimore,Slippery elm,239,79.00097991631799
Baltimore,Smooth sumac,1,26.24672
Baltimore,Smoothleaf elm,2,114.8294
Baltimore,Sorbus alnifolia,3,71.08486666666666
Baltimore,Sourwood,2,34.44882
Baltimore,Southern catalpa,35,75.92801142857142
Baltimore,Southern crabapple,4,50.03281
Baltimore,Southern magnolia,160,48.474411
Baltimore,Southern red oak,87,36.73032367816092
Baltimore,Southern waxmyrtle,11,31.615367272727273
Baltimore,Spruce,1,6.56168
Baltimore,Staghorn sumac,10,27.559055999999998
Baltimore,Star magnolia,78,41.977927179487175
Baltimore,Stump,4,31.16798
Baltimore,Sugar maple,2012,68.54705322067595
Baltimore,Sugarberry,69,44.12492057971015
Baltimore,Sumac,1,32.8084
Baltimore,Swamp chestnut oak,101,40.40955405940594
Baltimore,Swamp white oak,1340,41.58097441791045
Baltimore,Sweet birch,3,29.527559999999998
Baltimore,Sweet cherry,2,60.695539999999994
Baltimore,Sweetbay magnolia,144,32.55778027777777
Baltimore,Sycamore maple,25,85.4330736
Baltimore,Symplocos paniculata,1,42.65092
Baltimore,Syringa pekinensis,11,29.825818181818182
Baltimore,Taiwan cherry,8,36.08924
Baltimore,Tatarian maple,7,50.618674285714285
Baltimore,Taxus cuspidata,4,71.35827
Baltimore,Tetradium daniellii,2,73.8189
Baltimore,Texas red oak,103,41.854599611650485
Baltimore,Thornless honeylocust,3008,61.16672446808511
Baltimore,Three flowered maple,2,54.13386
Baltimore,Tilia mongolica,18,80.5628488888889
Baltimore,Tilia x euchlora,1,32.8084
Baltimore,Tree of heaven,399,65.30433904761905
Baltimore,Trident maple,366,46.514422841530056
Baltimore,Tuliptree,573,60.24607064572426
Baltimore,Turkey oak,3,33.902013333333336
Baltimore,Turkish filbert,2,31.16798
Baltimore,Umbrella magnolia,1,82.021
Baltimore,Vacant potential,5,35.433071999999996
Baltimore,Vacant site,2,39.37008
Baltimore,Viburnum,46,26.175397391304347
Baltimore,Virginia pine,91,57.793258461538464
Baltimore,Washington hawthorn,54,54.0731037037037
Baltimore,Water oak,5,81.364832
Baltimore,Weeping willow,27,73.27209333333333
Baltimore,Western arborvitae,26,53.881487692307694
Baltimore,White alder,4,13.94357
Baltimore,White ash,1164,78.03269364261168
Baltimore,White fir,13,51.48395076923077
Baltimore,White fringetree,89,24.95650202247191
Baltimore,White mulberry,1309,69.19840455309397
Baltimore,White oak,455,46.241817406593405
Baltimore,White poplar,2,70.53806
Baltimore,White spruce,85,58.66913882352941
Baltimore,Willow,2,73.8189
Baltimore,Willow oak,2182,53.88877433547205
Baltimore,Winged elm,1,114.8294
Baltimore,Winged sumac,4,19.68504
Baltimore,Winterberry holly,24,14.900481666666666
Baltimore,Yellow buckeye,27,54.0731037037037
Baltimore,Yellow cypress,1,49.2126
Baltimore,Yellowhorn,1,26.24672
Baltimore,Yellowwood,410,46.24383990243903
Baltimore,Yew,136,43.13339647058824
Baltimore,Yoshino cherry,81,35.40066864197531
Baltimore,Zanthoxylum americanum,2,32.8084
Baltimore,shrub,11,31.615367272727273
Baltimore,tree,584,47.707009041095894
Durham,American elm,32,29.42503375
Durham,American hornbeam,16,16.4042
Durham,American sycamore,1,19.68504
Durham,Baldcypress,6,16.4042
Durham,Black cherry,3,16.4042
Durham,Black gum,11,16.4042
Durham,Bur oak,21,16.4042
Durham,Cherry,26,16.4042
Durham,Chinese elm,44,37.282272727272726
Durham,Chinese fringe tree,37,17.556927567567566
Durham,Chinese pistache,49,18.747657142857143
Durham,Chinese redbud,16,16.4042
Durham,Common crapemyrtle,29,21.721423448275864
Durham,Dogwood,1,19.68504
Durham,Eastern hophornbeam,7,17.341582857142857
Durham,Eastern red cedar,1,26.24672
Durham,Eastern redbud,26,15.773269230769229
Durham,Elm,4,24.606299999999997
Durham,Ginkgo,46,16.903458260869566
Durham,Hackberry,1,16.4042
Durham,Hawthorn,1,16.4042
Durham,Japanese maple,1,16.4042
Durham,Japanese zelkova,12,31.441383333333334
Durham,Kentucky coffeetree,2,26.24672
Durham,Kwanzan cherry,2,16.4042
Durham,Live oak,2,16.4042
Durham,London planetree,2,19.68504
Durham,Magnolia,33,14.41581212121212
Durham,Norway maple,1,16.4042
Durham,Osage orange,5,26.24672
Durham,Overcup oak,38,22.793204210526316
Durham,Pear,1,16.4042
Durham,Persian ironwood,13,17.16131692307692
Durham,Pin oak,1,26.24672
Durham,Pond cypress,15,26.24672
Durham,Post oak,1,16.4042
Durham,Red maple,19,34.70783368421053
Durham,River birch,16,16.814305
Durham,Sawtooth oak,1,29.52756
Durham,Scarlet oak,2,26.24672
Durham,Shantung maple,17,20.457002352941178
Durham,Shumard oak,5,16.4042
Durham,Swamp chestnut oak,1,16.4042
Durham,Swamp white oak,54,19.442014814814815
Durham,Trident maple,115,17.830652173913045
Durham,Willow oak,7,16.872891428571428
Durham,Winged elm,22,17.298974545454545
Durham,Yellowwood,28,16.872891428571428
Durham,Yoshino flowering cherry,35,15.373078857142858
Garden Grove,Acacia species,1,49.2126
Garden Grove,Acer paxii,3,65.6168
Garden Grove,Afghan pine,10,59.05512
Garden Grove,African red alder,1,49.2126
Garden Grove,African sumac,4,49.2126
Garden Grove,Aleppo pine,12,90.2231
Garden Grove,American sweetgum,190,90.13676210526317
Garden Grove,Apricot,4,49.2126
Garden Grove,Areca palm,8,49.2126
Garden Grove,Arizona ash,15,98.4252
Garden Grove,Australian tea tree,1,49.2126
Garden Grove,Australian willow,12,73.8189
Garden Grove,Avocado,33,74.56454545454545
Garden Grove,Bailey acacia,1,98.4252
Garden Grove,Bismarck palm,11,67.10809090909092
Garden Grove,Black locust,5,78.74016
Garden Grove,Blue gum,7,98.4252
Garden Grove,Blue oak,1,98.4252
Garden Grove,Bo tree,1,98.4252
Garden Grove,Bottle tree,8,98.4252
Garden Grove,Bradford pear,1,98.4252
Garden Grove,Brazilian pepper,172,96.70848139534884
Garden Grove,Brisbane box,1159,96.13229197584124
Garden Grove,Bronze loquat,303,74.5497801980198
Garden Grove,Brush cherry,3,82.021
Garden Grove,Cajeput tree,23,98.42520000000002
Garden Grove,California fan palm,4,86.12205
Garden Grove,California pepper,14,70.30371428571429
Garden Grove,California sycamore,15,98.4252
Garden Grove,Camphor tree,58,88.2432827586207
Garden Grove,Canary island date palm,14,80.84927142857143
Garden Grove,Canary island pine,127,96.48769606299213
Garden Grove,Cape chestnut,31,63.500129032258066
Garden Grove,Cape pittosporum,2,98.4252
Garden Grove,Carob,20,83.66141999999999
Garden Grove,Carolina laurel cherry,13,90.85403076923077
Garden Grove,Carrotwood,1091,97.2523974335472
Garden Grove,Catalina cherry,4,61.515750000000004
Garden Grove,Cedar blue atlas,2,98.4252
Garden Grove,Champaca,1,98.4252
Garden Grove,Cherimoya,3,82.021
Garden Grove,Chilean mesquite,1,49.2126
Garden Grove,China doll,1,98.4252
Garden Grove,Chinaberry,2,98.4252
Garden Grove,Chinese elm,48,96.37467500000001
Garden Grove,Chinese flame tree,108,97.05818333333335
Garden Grove,Chinese fountain palm,1,49.2126
Garden Grove,Chinese hackberry,2,98.4252
Garden Grove,Chinese hibiscus,1,98.4252
Garden Grove,Chinese juniper,6,82.021
Garden Grove,Chinese pistache,11,58.16034545454546
Garden Grove,Chinese tallow tree,1,98.4252
Garden Grove,Chitalpa,4,98.4252
Garden Grove,Cliff date palm,2,98.4252
Garden Grove,Clustered fishtail palm,5,68.89764
Garden Grove,Coast live oak,31,61.912625806451615
Garden Grove,Coast redwood,3,98.4252
Garden Grove,Cockspur coral tree,2,98.4252
Garden Grove,Cork oak,1,98.4252
Garden Grove,Crape myrtle,2340,78.97150128205128
Garden Grove,Cuban royal palm,4,86.12205
Garden Grove,Danicer pear,1,98.4252
Garden Grove,Date palm,16,95.3494125
Garden Grove,Dead tree,1,98.4252
Garden Grove,Deodar cedar,11,67.10809090909092
Garden Grove,Desert gum,2,98.4252
Garden Grove,Desert willow,5,88.58268000000001
Garden Grove,Dracaena,9,54.68066666666667
Garden Grove,Dragon tree,1,49.2126
Garden Grove,Eastern dogwood,2,49.2126
Garden Grove,Eastern redbud,6,82.021
Garden Grove,Edible apple,1,49.2126
Garden Grove,Edible fig,4,73.8189
Garden Grove,Edible loquat,22,58.16034545454546
Garden Grove,English walnut,3,82.021
Garden Grove,European white birch,20,73.81890000000001
Garden Grove,Evergreen pear,590,93.33711762711864
Garden Grove,Fern pine,48,84.071525
Garden Grove,Fiddleleaf fig,3,82.021
Garden Grove,Fig,2,49.2126
Garden Grove,Firewheel tree,2,49.2126
Garden Grove,Flaxleaf paperbark,1,98.4252
Garden Grove,Flooded gum,2,98.4252
Garden Grove,Floss tree silk,22,89.47745454545455
Garden Grove,Flowering gum fruit red lg.,1,98.4252
Garden Grove,Forest pansy redbud,3,65.6168
Garden Grove,Foxtail palm,9,65.6168
Garden Grove,Frasers photinia,4,73.8189
Garden Grove,Giant bird of paradise,3,98.4252
Garden Grove,Glossy privet,173,95.86500693641618
Garden Grove,Gold medallion tree,18,57.4147
Garden Grove,Golden trumpet tree,4,49.2126
Garden Grove,Goldenrain tree,5,68.89764
Garden Grove,Grapefruit,5,49.2126
Garden Grove,Guadalupe palm,8,61.515750000000004
Garden Grove,Guamuchil,2,98.4252
Garden Grove,Guava,4,49.2126
Garden Grove,Himalayan pittosporum,1,98.4252
Garden Grove,Holly oak,37,90.44477837837837
Garden Grove,Hollywood juniper,52,94.63961538461538
Garden Grove,Honey locust,1,98.4252
Garden Grove,Hopseed,10,78.74016
Garden Grove,Incense cedar,1,49.2126
Garden Grove,Indian hawthorne,66,49.2126
Garden Grove,Indian laurel fig,47,85.86028085106383
Garden Grove,Italian alder,3,98.4252
Garden Grove,Italian cypress,22,93.95132727272727
Garden Grove,Italian stone pine,24,77.91995
Garden Grove,Jacaranda,226,96.029896460177
Garden Grove,Japanese black pine,59,73.40184406779662
Garden Grove,Japanese flowering cherry,23,49.21260000000001
Garden Grove,Japanese maple,12,61.515750000000004
Garden Grove,Japanese pagoda tree,1,98.4252
Garden Grove,Japanese persimmon,2,49.2126
Garden Grove,Japanese privet,2,49.2126
Garden Grove,Jerusalem thorn,8,79.97047500000001
Garden Grove,Jujube,2,49.2126
Garden Grove,Kaffir plum,2,73.8189
Garden Grove,Kaffirboom coral tree,5,78.74016
Garden Grove,King palm,559,61.00953810375671
Garden Grove,Knobcone pine,1,49.2126
Garden Grove,Kwanzan cherry,1,49.2126
Garden Grove,Laurustinus,2,98.4252
Garden Grove,Leaf plum purple,36,53.31365
Garden Grove,Leafed snailseed laurel,13,87.06844615384615
Garden Grove,Leafed sweetgum round,30,85.30184000000001
Garden Grove,Lemon,4,49.2126
Garden Grove,Lemon bottlebrush,165,95.14436
Garden Grove,Leyland cypress,3,82.021
Garden Grove,Little gem magnolia,1,98.4252
Garden Grove,London plane,346,98.14073410404625
Garden Grove,Lychee,1,98.4252
Garden Grove,Maidenhair tree,21,74.99062857142857
Garden Grove,Majesty palm,82,52.21336829268293
Garden Grove,Mayten tree,3,98.4252
Garden Grove,Mediterranean fan palm,2,49.2126
Garden Grove,Melaleuca,1,98.4252
Garden Grove,Mesquite,1,98.4252
Garden Grove,Mexican blue palm,2,73.8189
Garden Grove,Mexican fan palm,44,89.47745454545455
Garden Grove,Michelia,5,78.74016
Garden Grove,Modesto ash,12,98.4252
Garden Grove,Monterey pine,8,79.97047500000001
Garden Grove,Moreton bay fig,3,98.4252
Garden Grove,Muskogee crape myrtle,1,49.2126
Garden Grove,Myoporum,2,49.2126
Garden Grove,Naked coral tree,3,82.021
Garden Grove,New zealand christmas tree,43,88.12488837209303
Garden Grove,Norfolk island pine,27,83.8436888888889
Garden Grove,Oleander,1,49.2126
Garden Grove,Olive,26,81.39006923076923
Garden Grove,Orange,8,61.515750000000004
Garden Grove,Oriental arborvitae,93,87.84184516129032
Garden Grove,Ornamental pear,455,77.55040483516484
Garden Grove,Palm,1,98.4252
Garden Grove,Palmetto,1,49.2126
Garden Grove,Paradise palm,16,67.667325
Garden Grove,Peach,72,49.2126
Garden Grove,Pecan,1,98.4252
Garden Grove,Peppermint tree,10,78.74016
Garden Grove,Pindo palm,5,68.89764
Garden Grove,Pink melaleuca,1,49.2126
Garden Grove,Pink trumpet tree,9,71.08486666666667
Garden Grove,Plum,5,49.2126
Garden Grove,Pomegranate,1,98.4252
Garden Grove,Ponytail palm,2,49.2126
Garden Grove,Primrose tree,3,98.4252
Garden Grove,Purple crape myrtle,1,49.2126
Garden Grove,Purple orchid tree,87,92.20291724137931
Garden Grove,Pygmy date palm,2,49.2126
Garden Grove,Queen palm,865,77.31783052023121
Garden Grove,Queensland pittosporum,7,98.4252
Garden Grove,Queensland umbrella tree,2,98.4252
Garden Grove,Raywood ash,9,71.08486666666667
Garden Grove,Red flowering gum,20,98.4252
Garden Grove,Red gum,2,98.4252
Garden Grove,Red ironbark,8,98.4252
Garden Grove,Redbud,2,49.2126
Garden Grove,Rubber tree,3,49.2126
Garden Grove,Saucer magnolia,4,49.2126
Garden Grove,Sawtooth zelkova,2,98.4252
Garden Grove,Scented gum lemon,39,98.4252
Garden Grove,Shamel ash,4,86.12205
Garden Grove,Shell macadamia smooth,5,88.58268000000001
Garden Grove,Shoestring acacia,1,49.2126
Garden Grove,Silk tree,4,73.8189
Garden Grove,Silver dollar gum,6,90.2231
Garden Grove,Silver maple,11,85.00358181818181
Garden Grove,Smoothbark arizona cypress,6,73.8189
Garden Grove,Southern magnolia,570,89.10070736842106
Garden Grove,Spanish dagger,10,88.58268000000001
Garden Grove,Spiny fiber palm,1,49.2126
Garden Grove,Spotted gum,4,98.4252
Garden Grove,Strawberry guava,2,73.8189
Garden Grove,Strawberry tree,3,98.4252
Garden Grove,Stump,26,51.105392307692306
Garden Grove,Swamp mahogony,3,98.4252
Garden Grove,Sweet acacia,2,49.2126
Garden Grove,Sweet bay,1,98.4252
Garden Grove,Sweet cherry,3,82.021
Garden Grove,Sweetshade,45,97.33158666666667
Garden Grove,Tangerine,2,49.2126
Garden Grove,Tea tree,2,49.2126
Garden Grove,Tipu,19,77.7041052631579
Garden Grove,Toyon,3,49.2126
Garden Grove,Tree of heaven,7,49.2126
Garden Grove,Triangle palm,7,63.27334285714286
Garden Grove,Trident maple,1,98.4252
Garden Grove,Tulip tree,4,98.4252
Garden Grove,Victorian box,27,94.77982222222224
Garden Grove,Walnut,1,98.4252
Garden Grove,Water gum,18,92.95713333333333
Garden Grove,Weeping bottlebrush,17,92.63548235294118
Garden Grove,Weeping fig,107,74.50879626168225
Garden Grove,Weeping willow,4,73.8189
Garden Grove,Western catalpa,2,73.8189
Garden Grove,Western redbud,9,49.2126
Garden Grove,White alder,10,93.50394
Garden Grove,White crape myrtle,1,49.2126
Garden Grove,White mulberry,37,86.45456756756757
Garden Grove,White sapote,1,98.4252
Garden Grove,Wilson holly,1,49.2126
Garden Grove,Windmill palm,14,91.39482857142858
Garden Grove,Xylosma,75,83.333336
Garden Grove,Yellow elder,3,65.6168
Garden Grove,Yellow oleander,2,49.2126
Garden Grove,Yew pine,19,98.4252
Greensboro,Apple,18,8.269991666666666
Greensboro,Arborvitae,24,8.12474625
Greensboro,Ash,36,8.170352777777778
Greensboro,Aspen,2,8.188235
Greensboro,Bald cypress,2,8.191295
Greensboro,Basswood,2,8.06381
Greensboro,Bay ?,1,8.09536
Greensboro,Black cherry,80,8.2217155
Greensboro,Black locust,10,8.227498
Greensboro,Black oak,2,8.47061
Greensboro,Black walnut,157,8.214012165605094
Greensboro,Blackgum,7,8.236015714285715
Greensboro,Bladdernut,7,8.348315714285715
Greensboro,Blue spruce,2,8.2274
Greensboro,Box elder,10,8.304329
Greensboro,Bradford pear,55,8.17478290909091
Greensboro,Buckeye,1,8.56621
Greensboro,Catalpa,31,8.194756451612903
Greensboro,Cherry,58,8.119933275862069
Greensboro,Cherrybark oak,1,8.17446
Greensboro,Chestnut oak,1,8.03691
Greensboro,China fir,4,8.2279525
Greensboro,Chinaberry,7,8.25267
Greensboro,Chinese chestnut,1,8.35087
Greensboro,Chinese elm,19,8.209781578947368
Greensboro,Cottonwood,6,8.182013333333334
Greensboro,Crabapple,10,8.275386999999998
Greensboro,Crepe myrtle,624,8.17203467948718
Greensboro,Deciduous magnolia,21,8.144110476190477
Greensboro,Deodar cedar,17,8.194218823529411
Greensboro,Dogwood,180,8.225011055555555
Greensboro,Eastern red cedar,33,8.179150303030303
Greensboro,Elm,263,8.150620380228137
Greensboro,Fig,1,8.19785
Greensboro,Fruitless sweetgum,3,8.02425
Greensboro,Ginko,7,8.119392857142858
Greensboro,Hackberry,196,8.170705918367346
Greensboro,Hemlock,9,8.223823333333334
Greensboro,Hickory,10,8.183643
Greensboro,Holly,53,8.202039622641509
Greensboro,Honey locust,5,8.184808
Greensboro,Japanese cedar,23,8.148347826086956
Greensboro,Japanese maple,20,8.270028
Greensboro,Japanese pagoda tree,1,8.30404
Greensboro,Japanese snowbell,3,7.958883333333333
Greensboro,Japenese maple,12,8.154498333333335
Greensboro,Juniper?,1,7.87163
Greensboro,Kousa dogwood,25,8.133972
Greensboro,Leyland cypress,68,8.205343823529413
Greensboro,Ligustrum,3,8.14728
Greensboro,Live oak,1,8.0739
Greensboro,Loblolly pine,20,8.159689
Greensboro,Longleaf pine,4,8.349935
Greensboro,Mimosa,15,8.174483333333333
Greensboro,Mulberry,146,8.167754794520548
Greensboro,Mulbery,1,8.36711
Greensboro,Northern red oak,6,8.19957
Greensboro,Norway spruce,6,8.166596666666667
Greensboro,Ornamental cherry,48,8.256316458333332
Greensboro,Osage orange,1,7.69536
Greensboro,Peach,6,8.113226666666668
Greensboro,Pear,10,8.124600000000001
Greensboro,Pecan,330,8.15948909090909
Greensboro,Persimmon,17,8.15080294117647
Greensboro,Pin oak,14,8.061607142857143
Greensboro,Plum,3,8.200576666666667
Greensboro,Post oak,57,8.180695789473685
Greensboro,Purple leaf plum,6,8.275045
Greensboro,Pussy willow,1,8.38292
Greensboro,Red maple,179,8.168477262569832
Greensboro,Red oak ?,3,8.09018
Greensboro,Redbud,45,8.086668222222222
Greensboro,River birch,35,8.196408857142856
Greensboro,Sassafras,4,7.9448125
Greensboro,Sawtooth oak,1,8.21314
Greensboro,Scarlet oak,18,8.199888333333334
Greensboro,Shortleaf pine,11,8.118607272727273
Greensboro,Silver maple,101,8.153306138613862
Greensboro,Slash pine,6,8.102278333333333
Greensboro,Southern magnolia,101,8.20783594059406
Greensboro,Southern red oak,68,8.216995882352942
Greensboro,Striped maple,1,8.02879
Greensboro,Sugar maple,150,8.239033599999999
Greensboro,Sumac,1,7.96689
Greensboro,Swamp chestnut oak,2,8.208295
Greensboro,Sweetgum,74,8.151333243243243
Greensboro,Sycamore,14,8.101385
Greensboro,Tree of heaven,52,8.196498846153846
Greensboro,Trident maple,19,8.064607368421052
Greensboro,Unidentified,6,8.118765
Greensboro,Virginia pine,8,8.117542499999999
Greensboro,Wax myrtle,10,8.034233
Greensboro,Weeping cherry,11,8.17652
Greensboro,Weeping mulberry,1,8.3094
Greensboro,Weeping willow,2,8.16399
Greensboro,White cypress pine,13,8.135478461538462
Greensboro,White oak,33,8.226328484848485
Greensboro,White pine,23,8.221850869565216
Greensboro,Willow oak,380,8.14602802631579
Greensboro,Yaupon,2,8.065515000000001
Greensboro,Yellow poplar,6,8.166301666666667
Greensboro,Zelkova,33,8.108118484848484
Heeia,Myrtle crape,1,55.77428
Honolulu,African mimusops,17,85.30184
Honolulu,African tulip tree,57,83.34484771929824
Honolulu,Alahe'e,3,62.33596
Honolulu,Alexandra palm,23,76.88577217391304
Honolulu,Alibangbang,4,71.35827
Honolulu,Allspice,4,54.95407
Honolulu,Apple rose,1,98.4252
Honolulu,Areca palm,13,19.432667692307692
Honolulu,Autograph tree,74,65.83847837837838
Honolulu,Avocado,5,75.45932
Honolulu,Banyan,42,83.27084380952381
Honolulu,Baobab,10,112.204728
Honolulu,Bastard cedar,1,75.45932
Honolulu,Beach heliotrope,40,51.017061999999996
Honolulu,Bean weeping boer,9,78.37562222222222
Honolulu,Benjamin fig,36,96.23797333333333
Honolulu,Bo tree,2,59.05512
Honolulu,Bombax tree,1,114.8294
Honolulu,Bottle palm,3,26.24672
Honolulu,Breadfruit / ulu,3,37.182853333333334
Honolulu,Calabash tree,2,47.57218
Honolulu,Candle tree,2,39.37008
Honolulu,Caribbean royal palm,2,41.0105
Honolulu,Carrotwood,2,37.729659999999996
Honolulu,Cecropia,1,118.11024
Honolulu,Chachimbo,1,75.45932
Honolulu,Chinese banyan,161,81.2466402484472
Honolulu,Chinese fan palm,4,16.4042
Honolulu,Chinese juniper,2,26.24672
Honolulu,Christmas berry,12,67.53062333333334
Honolulu,Citrus sp.,2,29.52756
Honolulu,Coconut palm,543,85.96042482504603
Honolulu,Cook pine,1,39.37008
Honolulu,Cotton tree red silk,5,65.6168
Honolulu,Cuban royal palm,5,75.45932
Honolulu,Cypress,4,22.145670000000003
Honolulu,Date palm,7,29.99625142857143
Honolulu,Dead tree,1,98.4252
Honolulu,Dracaena sp.,9,46.66083555555556
Honolulu,Dragon tree,1,52.49344
Honolulu,Earpod,5,85.95800799999999
Honolulu,Eucalyptus,4,73.8189
Honolulu,European fan palm,2,80.38058000000001
Honolulu,Eye plant birds,1,26.24672
Honolulu,False ashoka,8,80.790685
Honolulu,False kamani,23,81.02248347826087
Honolulu,False olive,161,66.88022906832298
Honolulu,False wiliwili,2,73.8189
Honolulu,Fern tree,17,65.2308188235294
Honolulu,Ficus (f. forstenii),6,68.89764000000001
Honolulu,Ficus (f. stricta),1,82.021
Honolulu,Fiddlewood,56,67.02287428571428
Honolulu,Fiji fan palm,182,58.838800879120875
Honolulu,Formosan koa,219,80.9723296803653
Honolulu,Foxtail palm,7,42.65092
Honolulu,Geometry tree,3,75.45932
Honolulu,Giant crape myrtle,20,70.53806
Honolulu,Glass tree looking,67,72.17848000000001
Honolulu,Gold tree,55,81.42448363636363
Honolulu,Golden rain tree,4,101.70604
Honolulu,Golden shower,133,82.29234766917294
Honolulu,Golden trumpet tree,3,80.92738666666666
Honolulu,Grape sea,14,67.72591142857142
Honolulu,Guava,2,39.37008
Honolulu,Hala,26,69.65475692307692
Honolulu,Haole kou,82,52.81352195121951
Honolulu,Hau,1,82.021
Honolulu,Hawaiian gardenia,5,15.091863999999998
Honolulu,Hong kong orchid tree,47,77.90249872340426
Honolulu,Illawarra flame tree,2,55.77428
Honolulu,Indian banyan,37,97.8931718918919
Honolulu,Indian rubber tree,2,63.97638
Honolulu,Indonesian cinnamon,20,48.064306
Honolulu,Ironwood,20,103.34646000000001
Honolulu,Italian cypress,1,65.6168
Honolulu,Jacaranda,6,86.94225999999999
Honolulu,Jack in the box tree,5,46.587928
Honolulu,Jamaica dogwood,3,80.92738666666666
Honolulu,Jatropha,1,55.77428
Honolulu,Java plum,5,83.989504
Honolulu,Kamani,13,80.00202153846155
Honolulu,Key lime,3,31.71478666666667
Honolulu,Kiawe,27,85.4233525925926
Honolulu,Koa,14,58.58642857142858
Honolulu,Koa haole,1,72.17848
Honolulu,Kou,86,60.27589767441861
Honolulu,Kukui,87,74.02630942528735
Honolulu,Leaf fig fiddle,23,94.57377913043477
Honolulu,Lemon,1,26.24672
Honolulu,Leopard tree,3,89.67629333333332
Honolulu,Loulu,36,61.15121222222222
Honolulu,Magnolia,50,45.60367599999999
Honolulu,Malunggay / drumstick tree/marunggay,4,55.77428
Honolulu,Mandarin orange,3,43.74453333333333
Honolulu,Mango,4,97.60499
Honolulu,Manila palm,243,43.2179787654321
Honolulu,Mickey mouse plant,1,16.4042
Honolulu,Milo,158,65.05615012658227
Honolulu,Minneola tangelo,1,55.77428
Honolulu,Mock orange,35,31.68354057142857
Honolulu,Moluccan albizia,1,91.86352
Honolulu,Monkeypod,556,92.63062287769785
Honolulu,Moreton bay fig,18,108.08545111111111
Honolulu,Mountain apple,1,104.98688
Honolulu,Myrtle crape,2,98.4252
Honolulu,Narra,103,97.02367611650486
Honolulu,Neem tree,2,39.37008
Honolulu,Noni,2,49.212599999999995
Honolulu,Norfolk island pine,2,52.49344
Honolulu,Oak silky,2,114.8294
Honolulu,Octopus tree,38,73.8189
Honolulu,Ohia lehua / ilehua,3,25.153106666666663
Honolulu,Oleander podocarpus,4,51.673230000000004
Honolulu,Olive,11,51.30040727272728
Honolulu,Olive madagascar,11,65.31854181818181
Honolulu,Opiuma,3,101.70603999999999
Honolulu,Orchid tree,13,58.04563076923077
Honolulu,Pak lan,8,76.689635
Honolulu,Palm,3,32.8084
Honolulu,Palm evergreen medium other,1,42.65092
Honolulu,Panama tree,3,96.23797333333333
Honolulu,Papaya,6,26.24672
Honolulu,Paperbark,60,81.74759666666667
Honolulu,Paraguay tea,11,70.68718909090909
Honolulu,Parasol leaf/ macaranga,2,78.74016
Honolulu,Pink shower,11,79.33667636363636
Honolulu,Pink tecoma,379,79.83088781002638
Honolulu,Plumeria,141,58.636289361702126
Honolulu,Plumeria pudica,1,19.68504
Honolulu,Podocarpus,35,61.304838857142855
Honolulu,Ponytail palm,1,45.93176
Honolulu,Pua kenikeni,2,63.976380000000006
Honolulu,Purple orchid tree,1,49.2126
Honolulu,Rainbow shower,480,80.46943608333332
Honolulu,Red bottlebrush,36,64.88772444444444
Honolulu,Royal palm,27,64.40167407407408
Honolulu,Royal poinciana,150,62.33596
Honolulu,Sago palm,4,35.26903
Honolulu,Sapodilla,1,91.86352
Honolulu,Satinleaf,61,96.48896655737705
Honolulu,Sausage tree,16,84.48163
Honolulu,Scrambled egg tree,5,45.275592
Honolulu,Silver buttonwood,33,58.458603636363634
Honolulu,Silver trumpet tree,2,73.8189
Honolulu,Singapore plumeria,12,64.79659
Honolulu,Skunk tree,3,77.64654666666667
Honolulu,Star fruit,1,59.05512
Honolulu,Still tree be,95,51.42285010526316
Honolulu,Stump,3,57.96150666666667
Honolulu,Tahitian gardenia,20,28.051182
Honolulu,Tamarind,3,98.4252
Honolulu,Tecoma,2,90.2231
Honolulu,Trumpet tree,6,92.95713333333333
Honolulu,Tulipwood,53,44.87941509433962
Honolulu,Variegated hau,6,43.197726666666675
Honolulu,Variegated orchid tree,1,108.26772
Honolulu,Veitchia palm,1,65.6168
Honolulu,Vitae lignum,38,34.10346842105263
Honolulu,Weeping bottlebrush,2,62.33596
Honolulu,West indian mahogany,95,107.19713010526317
Honolulu,White monkeypod,1,75.45932
Honolulu,White shower and pink,10,79.068244
Honolulu,White tecoma,156,60.65347794871794
Honolulu,Yellow poinciana,12,103.89326666666666
Honolulu,Yellow trumpet tree,1,104.98688
Honolulu,Ylang ylang,6,44.83814666666667
Honolulu,Yokewood,48,102.79965333333332
Huntington Beach,Afghan pine,11,87.98616363636364
Huntington Beach,African sumac,94,34.51862510638298
Huntington Beach,African tulip tree,1,39.37008
Huntington Beach,Aleppo pine,69,88.48758318840581
Huntington Beach,American linden,14,32.8084
Huntington Beach,American sweetgum,27,77.40352148148149
Huntington Beach,Apricot,1,59.05512
Huntington Beach,Arapaho crape myrtle,1,19.68504
Huntington Beach,Aristocrat crape myrtle,1,19.68504
Huntington Beach,Aristocrat pear,34,60.309558823529414
Huntington Beach,Arroyo willow,2,98.4252
Huntington Beach,Australian willow,175,73.79077851428572
Huntington Beach,Autumn gold ginkgo,1,32.8084
Huntington Beach,Black willow,1,82.021
Huntington Beach,Blue gum,20,109.08793
Huntington Beach,Bottle tree,1,65.6168
Huntington Beach,Brazilian pepper,274,92.16286671532848
Huntington Beach,Brisbane box,295,68.29707945762712
Huntington Beach,Bronze loquat,3,60.14873333333333
Huntington Beach,Bushy yate,1,65.6168
Huntington Beach,Cajeput tree,40,99.819557
Huntington Beach,Calabrian pine,3,82.021
Huntington Beach,California fan palm,11,98.4252
Huntington Beach,California pepper,20,62.828086
Huntington Beach,California sycamore,26,93.7563123076923
Huntington Beach,Camphor tree,63,60.877808888888886
Huntington Beach,Canary island date palm,28,88.46550714285715
Huntington Beach,Canary island pine,62,95.88519483870968
Huntington Beach,Carob,1,65.6168
Huntington Beach,Carolina laurel cherry,1,26.24672
Huntington Beach,Carrotwood,415,81.32530380722892
Huntington Beach,Catalina cherry,1,49.2126
Huntington Beach,China doll,1,26.24672
Huntington Beach,Chinese elm,23,98.42520000000002
Huntington Beach,Chinese flame tree,53,72.5498958490566
Huntington Beach,Chinese fringe tree,187,30.001264171122994
Huntington Beach,Chinese hackberry,4,65.6168
Huntington Beach,Chinese pistache,15,57.52406133333333
Huntington Beach,Chinese tallow tree,14,63.50768857142857
Huntington Beach,Chitalpa,19,50.939357894736844
Huntington Beach,Cliff date palm,2,90.2231
Huntington Beach,Coast live oak,12,43.19772666666666
Huntington Beach,Coast redwood,1,114.8294
Huntington Beach,Columbia plane,10,50.85302
Huntington Beach,Coral gum,2,114.8294
Huntington Beach,Cork oak,2,82.021
Huntington Beach,Crape myrtle,1091,58.46270434463795
Huntington Beach,Date palm,4,91.04331
Huntington Beach,Dead tree,4,94.32415
Huntington Beach,Deodar cedar,2,90.2231
Huntington Beach,Desert gum,7,91.39482857142858
Huntington Beach,Desert willow,1,26.24672
Huntington Beach,Eastern redbud,542,33.728487970479705
Huntington Beach,Eucalyptus,2,82.021
Huntington Beach,Eugenia,4,16.4042
Huntington Beach,European white birch,3,60.14873333333333
Huntington Beach,Evergreen pear,165,83.73101357575757
Huntington Beach,Fern pine,4,95.96457000000001
Huntington Beach,Firewheel tree,34,43.519377647058825
Huntington Beach,Fishtail wine palm,1,39.37008
Huntington Beach,Floss tree silk,40,87.516407
Huntington Beach,Flowering gum fruit red lg.,17,85.88081176470588
Huntington Beach,Forest pansy redbud,1,45.93176
Huntington Beach,Foxtail palm,1,42.65092
Huntington Beach,Frasers photinia,43,34.79216372093023
Huntington Beach,Fremont cottonwood,1,98.4252
Huntington Beach,Glossy privet,8,69.71785
Huntington Beach,Gold medallion tree,5,45.275592
Huntington Beach,Golden trumpet tree,80,30.921917
Huntington Beach,Green purple plum,2,21.32546
Huntington Beach,Guadalupe palm,1,65.6168
Huntington Beach,Holly oak,64,70.076691875
Huntington Beach,Indian hawthorne,29,39.5963448275862
Huntington Beach,Indian laurel fig,24,99.79221666666668
Huntington Beach,Italian stone pine,14,104.28384285714286
Huntington Beach,Jacaranda,53,80.59723924528302
Huntington Beach,Japanese black pine,12,65.89020333333333
Huntington Beach,Japanese flowering cherry,6,33.902013333333336
Huntington Beach,Japanese pagoda tree,1,82.021
Huntington Beach,Jerusalem thorn,2,59.05512
Huntington Beach,Kaffir plum,4,73.8189
Huntington Beach,Kaffirboom coral tree,6,114.8294
Huntington Beach,King palm,189,56.121458835978835
Huntington Beach,Lavender trumpet tree,2,26.24672
Huntington Beach,Leaf photinia red,4,27.06693
Huntington Beach,Leaf plum purple,84,40.385578095238095
Huntington Beach,Lemon bottlebrush,267,70.06498007490636
Huntington Beach,Leyland cypress,5,57.74278400000001
Huntington Beach,Little gem magnolia,18,37.36512222222222
Huntington Beach,Lombardy poplar,1,114.8294
Huntington Beach,London plane,49,84.63228081632654
Huntington Beach,Maidenhair tree,11,46.23001818181818
Huntington Beach,Manna gum,2,73.8189
Huntington Beach,Maple,1,49.2126
Huntington Beach,Maple autumn blaze,22,32.8084
Huntington Beach,Mediterranean fan palm,73,53.30241424657534
Huntington Beach,Mexican fan palm,463,100.49432587473002
Huntington Beach,Mexican sycamore,4,32.8084
Huntington Beach,Monterey cypress,1,82.021
Huntington Beach,Monterey pine,1,98.4252
Huntington Beach,Moreton bay fig,3,98.4252
Huntington Beach,Muskogee crape myrtle,12,36.36264333333333
Huntington Beach,Myoporum,6,66.71041333333334
Huntington Beach,Naked coral tree,2,82.021
Huntington Beach,Narrow leaf ash,1,49.2126
Huntington Beach,Natchez crape myrtle,10,42.322836
Huntington Beach,New zealand christmas tree,110,77.48747563636364
Huntington Beach,Nichols willow leafed peppermint,10,86.94226
Huntington Beach,No replant,1,65.6168
Huntington Beach,Norfolk island pine,2,32.8084
Huntington Beach,Oak river she,2,54.13386
Huntington Beach,Oleander,1,26.24672
Huntington Beach,Olive,11,62.93247636363637
Huntington Beach,Ornamental pear,310,71.37414503225807
Huntington Beach,Other tree,3,51.39982666666666
Huntington Beach,Peach,2,21.32546
Huntington Beach,Peppermint tree,4,73.8189
Huntington Beach,Pink crape myrtle,1,32.8084
Huntington Beach,Pink trumpet tree,44,33.40491636363636
Huntington Beach,Prickly melaleuca,2,114.8294
Huntington Beach,Primrose tree,1,65.6168
Huntington Beach,Purple crape myrtle,2,32.8084
Huntington Beach,Purple orchid tree,9,32.8084
Huntington Beach,Pygmy date palm,63,29.42340634920635
Huntington Beach,Queen palm,2110,96.14105120379146
Huntington Beach,Queensland pittosporum,1,65.6168
Huntington Beach,Raywood ash,1,52.49344
Huntington Beach,Red crape myrtle,3,32.8084
Huntington Beach,Red flowering gum,73,90.15568547945206
Huntington Beach,Red flowering redbud,1,32.8084
Huntington Beach,Red gum,48,97.74169166666667
Huntington Beach,Red ironbark,14,96.08174285714287
Huntington Beach,Rusty leaf fig,15,95.14436
Huntington Beach,Sawtooth zelkova,10,93.50394
Huntington Beach,Scented gum lemon,3,76.55293333333334
Huntington Beach,Senegal palm,11,61.14292727272727
Huntington Beach,Shamel ash,3,92.95713333333333
Huntington Beach,Sharon of rose,1,13.12336
Huntington Beach,Shell macadamia smooth,2,57.414699999999996
Huntington Beach,Shrubby yew pine,1,32.8084
Huntington Beach,Siberian elm,3,114.8294
Huntington Beach,Silk tree,1,49.2126
Huntington Beach,Silver dollar gum,7,77.33408571428572
Huntington Beach,Southern magnolia,64,86.890996875
Huntington Beach,Spotted gum,41,95.62448292682927
Huntington Beach,Star pine,1,39.37008
Huntington Beach,Strawberry tree,5,36.745408
Huntington Beach,Stump,36,40.46369333333334
Huntington Beach,Sweetshade,1,98.4252
Huntington Beach,Tipu,42,93.73828571428572
Huntington Beach,Torrey pine,3,109.36133333333333
Huntington Beach,Tupidanthus,1,13.12336
Huntington Beach,Tuscarora crape myrtle,1,19.68504
Huntington Beach,Unsuitable site,3,51.39982666666666
Huntington Beach,Valley oak,2,32.8084
Huntington Beach,Victorian box,1,98.4252
Huntington Beach,Water gum,321,30.478083738317757
Huntington Beach,Weeping acacia,12,55.50087666666667
Huntington Beach,Weeping fig,8,60.285435
Huntington Beach,Western redbud,16,26.4517725
Huntington Beach,White alder,13,104.22976307692308
Huntington Beach,White crape myrtle,3,30.62117333333333
Huntington Beach,White mulberry,15,74.36570666666667
Huntington Beach,Willow acacia,2,73.8189
Huntington Beach,Windmill palm,9,36.45377777777778
Huntington Beach,Xylosma,7,54.368205714285715
Huntington Beach,Yew pine,19,30.908966315789474
Huntington Beach,not accessible stump,2,65.6168
Kailua,African mimusops,1,39.37008
Kailua,African tulip tree,5,50.524936000000004
Kailua,Alahe'e,1,42.65092
Kailua,Alexandra palm,4,49.2126
Kailua,Allspice,14,67.96025714285715
Kailua,Areca palm,41,32.568338536585365
Kailua,Autograph tree,58,59.507649655172415
Kailua,Avocado,2,36.08924
Kailua,Beach heliotrope,44,65.4676709090909
Kailua,Benjamin fig,1,65.6168
Kailua,Betel nut palm,1,26.24672
Kailua,Bottle palm,18,18.22688888888889
Kailua,Bouganvillea,4,27.06693
Kailua,Brush tree shaving,2,98.4252
Kailua,Calabash tree,2,42.65092
Kailua,Canary island date palm,5,19.68504
Kailua,Carob,1,49.2126
Kailua,Cedar,5,22.309712
Kailua,Cherry surinam,1,32.8084
Kailua,Chinese banyan,7,71.70978857142858
Kailua,Chinese fan palm,3,19.68504
Kailua,Christmas berry,7,45.93176
Kailua,Citrus sp.,10,32.8084
Kailua,Coconut palm,539,71.35674827458257
Kailua,Common fig,1,32.8084
Kailua,Cook pine,5,89.895016
Kailua,Coral tree,1,65.6168
Kailua,Crown flower,2,45.93176
Kailua,Cuban royal palm,1,29.52756
Kailua,Cypress,11,62.037701818181816
Kailua,Date palm,4,20.50525
Kailua,Dead tree,4,36.90945
Kailua,Eucalyptus,21,96.23797333333334
Kailua,Eye plant birds,1,13.12336
Kailua,False kamani,11,87.38964727272727
Kailua,False olive,32,56.7995425
Kailua,False wiliwili,1,22.96588
Kailua,Fern tree,170,82.13679435294118
Kailua,Fiddlewood,11,85.89835636363637
Kailua,Fiji fan palm,61,32.8084
Kailua,Fishtail palm,5,25.590552
Kailua,Flowered pink jatropha rose,3,31.71478666666667
Kailua,Formosan koa,5,57.08661600000001
Kailua,Foxtail palm,21,30.308712380952382
Kailua,Frangipangi plumeria,1,39.37008
Kailua,Giant crape myrtle,37,67.12421297297297
Kailua,Glass tree looking,12,53.58705333333333
Kailua,Golden shower,48,84.00317416666667
Kailua,Golden trumpet tree,26,78.9925323076923
Kailua,Grape sea,22,70.83631818181817
Kailua,Guava,4,31.16798
Kailua,Hala,9,57.596968888888895
Kailua,Haole kou,170,51.663580470588236
Kailua,Hau,16,60.4904875
Kailua,Hibiscus,4,22.96588
Kailua,Hong kong orchid tree,41,68.25747609756098
Kailua,Ironwood,46,93.2186495652174
Kailua,Ironwood grove,5,98.42519999999999
Kailua,Italian cypress,10,70.53806
Kailua,Jacaranda,2,98.4252
Kailua,Jackfruit,2,39.37008
Kailua,Jatropha,2,26.24672
Kailua,Java plum,6,98.97200666666667
Kailua,Kamani,105,79.05262095238095
Kailua,Koa,2,60.69554
Kailua,Koa haole,1,59.05512
Kailua,Koaia,1,55.77428
Kailua,Kou,91,56.315077802197806
Kailua,Kukui,49,53.43082285714285
Kailua,Lechoso,1,16.4042
Kailua,Lemon,2,19.68504
Kailua,Loulu,2,27.88714
Kailua,Macarthur palm,2,31.16798
Kailua,Magnolia,1,39.37008
Kailua,Mamalis,1,59.05512
Kailua,Mango,4,49.2126
Kailua,Manila palm,979,30.154237303370785
Kailua,Milo,12,76.27953000000001
Kailua,Mimosa,2,32.8084
Kailua,Monkeypod,24,99.92891833333334
Kailua,Mountain apple,2,68.89764
Kailua,Myrtle crape,4,80.38058
Kailua,Narra,30,85.84864666666667
Kailua,Noni,6,23.512686666666667
Kailua,Norfolk island pine,2,49.212599999999995
Kailua,Octopus tree,26,53.62911538461538
Kailua,Ohia lehua / ilehua,5,48.556432
Kailua,Olive madagascar,2,31.16798
Kailua,Orchid tree,4,86.12205
Kailua,Pak lan,3,43.74453333333333
Kailua,Palm,17,36.86120235294118
Kailua,Palm evergreen medium other,1,52.49344
Kailua,Palm evergreen small other,1,26.24672
Kailua,Papaya,3,67.80402666666667
Kailua,Paperbark,26,70.91661846153846
Kailua,Paraguay tea,119,55.19530823529412
Kailua,Parasol leaf/ macaranga,3,19.68504
Kailua,Partridgewood,1,104.98688
Kailua,Paurotis palm,1,32.8084
Kailua,Pepper tree,2,65.6168
Kailua,Pindo palm,1,19.68504
Kailua,Pink shower,3,67.80402666666667
Kailua,Pink tecoma,334,79.08396059880239
Kailua,Pittosporum,5,83.989504
Kailua,Plumeria,74,40.61147891891892
Kailua,Podocarpus,3,61.24234666666666
Kailua,Ponytail palm,3,29.527559999999998
Kailua,Pua kenikeni,11,31.913625454545457
Kailua,Rainbow shower,196,77.6521263265306
Kailua,Red bottlebrush,11,50.10737454545454
Kailua,Royal palm,21,55.305588571428565
Kailua,Royal poinciana,54,63.854867407407404
Kailua,Sago palm,21,18.591426666666667
Kailua,Satinleaf,39,93.96662256410256
Kailua,Silver buttonwood,250,50.341208959999996
Kailua,Silver trumpet tree,36,63.42957333333334
Kailua,Soap berry tree,3,60.14873333333333
Kailua,Soursop,3,30.62117333333333
Kailua,Still tree be,1,29.52756
Kailua,Strawberry guava,8,19.68504
Kailua,Stump,4,28.707349999999998
Kailua,Tahitian gardenia,1,22.96588
Kailua,Tecoma,8,96.374675
Kailua,Triangle palm,1,6.56168
Kailua,Trumpet tree,1,118.11024
Kailua,Tulipwood,4,41.0105
Kailua,Variegated hau,11,45.63350181818182
Kailua,Vitae lignum,10,35.104988000000006
Kailua,White ipe,4,36.90945
Kailua,White shower and pink,5,59.05512
Kailua,White tecoma,86,58.25398465116279
Kailua,White variegated orchid tree,2,100.06562
Kailua,Yellow trumpet tree,21,73.74078476190476
Kaneohe,African tulip tree,5,99.081368
Kaneohe,Alahe'e,1,22.96588
Kaneohe,Allspice,17,66.00278117647059
Kaneohe,Areca palm,13,50.97920615384616
Kaneohe,Autograph tree,1,36.08924
Kaneohe,Avocado,8,75.049215
Kaneohe,Banyan,1,16.4042
Kaneohe,Benjamin fig,13,81.76862769230769
Kaneohe,Betel nut palm,5,49.868768
Kaneohe,Bottle palm,8,19.68504
Kaneohe,Breadfruit / ulu,4,68.07742999999999
Kaneohe,Cedar,1,45.93176
Kaneohe,China doll (serpent tree),1,82.021
Kaneohe,Chinese banyan,2,106.62729999999999
Kaneohe,Chinese fan palm,3,22.96588
Kaneohe,Chinese juniper,2,26.24672
Kaneohe,Christmas berry,1,65.6168
Kaneohe,Citrus sp.,1,29.52756
Kaneohe,Coconut palm,79,85.84172506329114
Kaneohe,Colville's glory,1,82.021
Kaneohe,Common fig,1,39.37008
Kaneohe,Cook pine,1,85.30184
Kaneohe,Coral tree,1,36.08924
Kaneohe,Cypress,2,45.93176
Kaneohe,Dead tree,2,14.76378
Kaneohe,Dracaena sp.,3,32.8084
Kaneohe,European fan palm,10,14.107612
Kaneohe,False ashoka,1,75.45932
Kaneohe,False kamani,1,78.74016
Kaneohe,False olive,28,66.67135571428571
Kaneohe,False wiliwili,1,75.45932
Kaneohe,Fern tree,67,89.02338985074627
Kaneohe,Fiji fan palm,14,64.67941714285715
Kaneohe,Formosan koa,4,106.6273
Kaneohe,Foxtail palm,3,51.39982666666666
Kaneohe,Giant crape myrtle,30,91.09799066666666
Kaneohe,Glass tree looking,3,52.49344
Kaneohe,Gold tree,2,91.86352
Kaneohe,Golden shower,24,91.72681833333333
Kaneohe,Golden trumpet tree,10,82.677168
Kaneohe,Guava,5,25.590552
Kaneohe,Hala,3,67.80402666666667
Kaneohe,Haole kou,5,61.679792
Kaneohe,Hau,2,113.18898
Kaneohe,Hawaiian white hibiscus,1,39.37008
Kaneohe,Hibiscus,1,62.33596
Kaneohe,Hong kong orchid tree,21,83.73953523809524
Kaneohe,Indonesian cinnamon,27,56.98940592592593
Kaneohe,Italian cypress,2,109.90814
Kaneohe,Japanese yew,6,101.15923333333335
Kaneohe,Jatropha,1,42.65092
Kaneohe,Java plum,1,127.95276
Kaneohe,Kamani,11,82.31925818181818
Kaneohe,Koa,3,41.55730666666667
Kaneohe,Kou,8,51.673230000000004
Kaneohe,Kukui,20,60.203413999999995
Kaneohe,Lechoso,3,36.08924
Kaneohe,Loulu,17,24.702795294117646
Kaneohe,Macarthur palm,16,32.1932425
Kaneohe,Magnolia,2,32.8084
Kaneohe,Mango,6,95.69116666666666
Kaneohe,Manila palm,297,35.349117845117846
Kaneohe,Meyer lemon,1,65.6168
Kaneohe,Mickey mouse plant,2,39.37008
Kaneohe,Milo,20,69.553808
Kaneohe,Money tree,7,51.55605714285714
Kaneohe,Monkeypod,19,114.65672421052632
Kaneohe,Myrtle crape,122,79.62760032786886
Kaneohe,Neem tree,2,29.52756
Kaneohe,Octopus tree,7,63.27334285714286
Kaneohe,Ohia lehua / ilehua,6,31.16798
Kaneohe,Olive madagascar,31,79.37516129032258
Kaneohe,Orchid tree,9,82.021
Kaneohe,Palm,75,66.53543520000001
Kaneohe,Papaya,10,34.120736
Kaneohe,Paperbark,53,90.13024603773586
Kaneohe,Paraguay tea,11,60.84466909090909
Kaneohe,Parasol leaf/ macaranga,3,74.36570666666667
Kaneohe,Pink shower,2,83.66141999999999
Kaneohe,Pink tecoma,133,88.13865654135338
Kaneohe,Plumeria,26,33.18695846153846
Kaneohe,Pua kenikeni,10,30.511812
Kaneohe,Purple orchid tree,1,75.45932
Kaneohe,Rainbow shower,144,84.86895138888889
Kaneohe,Red bottlebrush,10,51.837272
Kaneohe,Royal palm,18,70.3557911111111
Kaneohe,Royal poinciana,14,63.74203428571428
Kaneohe,Sago palm,1,19.68504
Kaneohe,Satinleaf,67,87.65229253731343
Kaneohe,Sesban,1,32.8084
Kaneohe,Silver buttonwood,64,51.0580725
Kaneohe,Silver trumpet tree,19,48.69457263157894
Kaneohe,Soursop,2,47.57218
Kaneohe,Strawberry guava,2,32.8084
Kaneohe,Stump,2,36.089240000000004
Kaneohe,Traveler's tree,1,42.65092
Kaneohe,Triangle palm,4,29.52756
Kaneohe,Trumpet tree,8,77.91995
Kaneohe,Tulipwood,16,52.6984925
Kaneohe,Victoria cheesewood,1,68.89764
Kaneohe,Vitae lignum,5,29.52756
Kaneohe,White monkeypod,4,102.52625
Kaneohe,White tecoma,40,66.272968
Kaneohe,White variegated orchid tree,2,119.75066000000001
Kaneohe,Wi apple,1,6.56168
Kaneohe,Wood african yellow,1,65.6168
Oklahoma City,Acer buergeranum) trident maple,7,29.99625142857143
Oklahoma City,Afghan  pine,4,71.35827
Oklahoma City,Ailanthus altissima) tree of heaven,4,87.76247000000001
Oklahoma City,Albizia julibrissin) mimosa,2,108.26772
Oklahoma City,American  elm,189,90.64839407407408
Oklahoma City,American  holly,63,35.77677904761905
Oklahoma City,American  plum,1,59.05512
Oklahoma City,American  smoketree,7,46.40045142857143
Oklahoma City,American  sweetgum,38,94.79900842105263
Oklahoma City,American  sycamore,87,96.42652735632183
Oklahoma City,Amur  maple,34,51.52848705882353
Oklahoma City,Arizona  cypress,47,50.32948170212766
Oklahoma City,Asian white  birch,5,68.89764
Oklahoma City,Atlas  cedar,13,64.60731076923076
Oklahoma City,Austrian  pine,447,67.3122676510067
Oklahoma City,Black  locust,24,101.02253166666667
Oklahoma City,Black  oak,1,88.58268
Oklahoma City,Black  walnut,4,109.90814
Oklahoma City,Blackjack  oak,269,101.80361144981413
Oklahoma City,Bumelia lanuginosa) chittamwood,11,82.91577454545455
Oklahoma City,Bur  oak,136,83.4684294117647
Oklahoma City,Caddo  maple,1,59.05512
Oklahoma City,Callery  pear,252,87.33283619047619
Oklahoma City,Carolina  buckthorn,1,127.95276
Oklahoma City,Carolina  cherrylaurel,6,44.29134
Oklahoma City,Carya illinoinensis) pecan,39,88.58268000000001
Oklahoma City,Castus) chastetree vitex agnus,32,56.08185875
Oklahoma City,Cedar  elm,72,64.75102277777778
Oklahoma City,Celtis laevigata) sugarberry,213,89.63008431924882
Oklahoma City,Cherry  plum,6,47.57218
Oklahoma City,Chilopsis linearis) desertwillow,16,26.8618775
Oklahoma City,Chinese  elm,385,92.31516810389611
Oklahoma City,Chinese  pistache,563,77.46395403197158
Oklahoma City,Chinkapin  oak,68,55.58128941176471
Oklahoma City,Common  baldcypress,284,81.55890985915494
Oklahoma City,Common  crapemyrtle,689,40.5367067053701
Oklahoma City,Common  hackberry,128,93.145098125
Oklahoma City,Common  peach,2,42.65092
Oklahoma City,Common  pear,4,56.59449
Oklahoma City,Common  persimmon,9,87.48906666666667
Oklahoma City,Corkscrew  willow,2,45.93176
Oklahoma City,Cupressus) cypress,3,111.54856
Oklahoma City,Deodar  cedar,19,53.70217052631579
Oklahoma City,Eastern  arborvitae,41,70.09794731707318
Oklahoma City,Eastern  cottonwood,17,111.16257882352942
Oklahoma City,Eastern  redbud,320,49.684220749999994
Oklahoma City,Eastern  redcedar,626,79.91413469648562
Oklahoma City,Eastern red   redcedar,52,41.51524461538462
Oklahoma City,English  oak,25,96.32546239999999
Oklahoma City,Firmiana simplex) chinese parasoltree,1,78.74016
Oklahoma City,Flowering  crabapple,52,55.64809384615384
Oklahoma City,Fosters  holly,25,40.682415999999996
Oklahoma City,Freeman  maple,45,90.91572177777778
Oklahoma City,Ginkgo biloba) ginkgo,9,32.44386222222222
Oklahoma City,Gleditsia triacanthos ) imperial honeylocust,1,118.11024
Oklahoma City,Gleditsia triacanthos) honeylocust,22,102.89907272727272
Oklahoma City,Green  ash,84,91.35577095238095
Oklahoma City,Gymnocladus dioicus) kentucky coffeetree,30,61.46106933333333
Oklahoma City,Hybrid  elm,18,85.11957111111111
Oklahoma City,Ilex decidua) possumhaw,6,19.68504
Oklahoma City,Ilex vomitoria) yaupon,72,51.582095555555554
Oklahoma City,Japanese  maple,3,25.153106666666663
Oklahoma City,Japanese  zelkova,2,109.90814
Oklahoma City,Japanese black  pine,4,72.99869000000001
Oklahoma City,Japanese umbrella  pine,3,21.872266666666665
Oklahoma City,Juniperus scopulorum) rocky mountain juniper,22,37.282272727272726
Oklahoma City,Koelreuteria bipinnata) bougainvillea goldenraintree,11,104.39036363636365
Oklahoma City,Koelreuteria paniculata) goldenraintree,73,73.84137150684931
Oklahoma City,Kousa  dogwood,1,42.65092
Oklahoma City,Libocedrus decurrens) california incense cedar,2,98.4252
Oklahoma City,Liquidambar formosana) formosan sweetgum,1,78.74016
Oklahoma City,Live  oak,56,53.020717857142856
Oklahoma City,Loblolly  pine,133,78.91283578947369
Oklahoma City,London  planetree,53,85.54945056603775
Oklahoma City,Northern  catalpa,1,127.95276
Oklahoma City,Northern red  oak,27,106.08049333333332
Oklahoma City,Norway  maple,1,108.26772
Oklahoma City,Nyssa sylvatica) blackgum,10,49.540684
Oklahoma City,Olive elaeagnus angustifolia) russian,5,73.490816
Oklahoma City,Orange maclura pomifera) osage,4,87.76247
Oklahoma City,Overcup  oak,1,68.89764
Oklahoma City,Paulownia tomentosa) royal paulownia,1,78.74016
Oklahoma City,Pin  oak,17,73.33642352941176
Oklahoma City,Pinus eldarica) afghan pine,1,36.08924
Oklahoma City,Pinus heldreichii) bosnian pine,1,32.8084
Oklahoma City,Ponderosa  pine,92,91.1859552173913
Oklahoma City,Post  oak,332,105.17463891566265
Oklahoma City,Prunus armeniaca) apricot,2,50.85302
Oklahoma City,Pyrus calleryana ) callery pear,10,85.95800799999999
Oklahoma City,Red  maple,40,49.704726
Oklahoma City,River  birch,24,81.88429833333333
Oklahoma City,Saucer  magnolia,1,19.68504
Oklahoma City,Sawtooth  oak,80,96.2516435
Oklahoma City,Scotch  pine,37,77.85344648648648
Oklahoma City,Shantung  maple,76,45.11155
Oklahoma City,Shingle  oak,1,98.4252
Oklahoma City,Shortleaf  pine,13,76.46880923076922
Oklahoma City,Shumard  oak,256,88.941521875
Oklahoma City,Siberian  elm,275,88.27249149090909
Oklahoma City,Silver  maple,17,84.33688705882352
Oklahoma City,Slippery  elm,10,92.519688
Oklahoma City,Sophora affinis) texas sophora,1,49.2126
Oklahoma City,Southern  catalpa,2,63.97638
Oklahoma City,Southern  magnolia,39,51.14745435897436
Oklahoma City,Southern red  oak,2,111.54856000000001
Oklahoma City,Southern sugar  maple,9,78.01108444444444
Oklahoma City,Styphnolobium japonicum) japanese pagodatree,25,76.9028896
Oklahoma City,Sugar  maple,20,72.834648
Oklahoma City,Swamp white  oak,37,68.18826918918919
Oklahoma City,Tamarix aphylla) tamarisk,2,72.17848
Oklahoma City,Taxodium ascendens) pondcypress,15,77.20910133333334
Oklahoma City,Thornless  honeylocust,93,93.45102322580644
Oklahoma City,Thuja orientalis) asian arborvitae,28,50.14998285714285
Oklahoma City,Trident  maple,5,61.023624
Oklahoma City,Vitex rotundifolia) chaste tree,1,26.24672
Oklahoma City,Washington  hawthorn,1,39.37008
Oklahoma City,Water  oak,5,97.112864
Oklahoma City,Weeping  willow,4,86.94226
Oklahoma City,Western  soapberry,58,82.1341324137931
Oklahoma City,White  ash,28,80.61492571428572
Oklahoma City,White  mulberry,91,92.9090624175824
Oklahoma City,White  oak,1,118.11024
Oklahoma City,White  poplar,2,60.69554
Oklahoma City,Willow  oak,1,121.39108
Oklahoma City,Winged  elm,12,46.20516333333333
Oklahoma City,Ziziphus jujuba) jujube,2,88.58268000000001
Oklahoma City,holly,3,26.24672
Oklahoma City,honeysuckle,1,59.05512
Oklahoma City,juniper,6,33.902013333333336
Oklahoma City,maple,5,27.559055999999998
Oklahoma City,oak,13,39.37008
Oklahoma City,tree) unknown tree,1,52.49344
Oklahoma City,willow,41,84.98175804878049
Phoenix,(corner by coop) mulberry,1,34.6
Phoenix,(jagged leaf),1,5.76
Phoenix,Acacia hybrid,1,3.9
Phoenix,African sumac,6,7.381666666666667
Phoenix,Aleppo pine,9,15.866666666666667
Phoenix,Apricot,2,4.38
Phoenix,Arizona (velvet) ash,1,5.4
Phoenix,Arizona ash. velvet ash,12,9.415000000000001
Phoenix,Ash,9,14.846666666666668
Phoenix,Bean tree,3,3.14
Phoenix,Blue palo verde,1,6.42
Phoenix,Blue paloverde,2,8.325
Phoenix,Bottle tree,2,7.005
Phoenix,California palm,3,7.343333333333334
Phoenix,Chilean mesquite,4,6.3375
Phoenix,China berry. white cedar,2,4.800000000000001
Phoenix,Chinese elm,2,5.835
Phoenix,Chinese elm or lacebark elm,3,4.319999999999999
Phoenix,Chinese privet,2,14.115
Phoenix,Cholla,2,2.3
Phoenix,Common fig,1,4.35
Phoenix,Desert ironwood,2,5.625
Phoenix,Fremont cottonwood,5,25.0
Phoenix,Front 2,1,4.33
Phoenix,Grape fruit,1,3.58
Phoenix,Grape fruitoro blanco,1,4.1
Phoenix,Grapefruit,9,5.72
Phoenix,Honey mesquite hybrid,1,5.35
Phoenix,India rosewood,2,3.46
Phoenix,Indian laurel fig,7,4.348571428571429
Phoenix,Indian rosewood,2,7.2
Phoenix,Iron wood,1,3.27
Phoenix,Italian cypress,1,6.5
Phoenix,Jacaranda,3,7.246666666666667
Phoenix,Leafless palo verde,1,4.72
Phoenix,Lemon,3,5.363333333333333
Phoenix,Luckynut,2,3.26
Phoenix,Mediterranean fan palm,1,2.8
Phoenix,Mesquite,3,6.293333333333333
Phoenix,Mexican blue palm,2,4.76
Phoenix,Mexican fan palm,2,21.1
Phoenix,Mulberry,6,29.099999999999998
Phoenix,Myrtle,1,5.8
Phoenix,Navel,3,5.136666666666667
Phoenix,Ocotillo,2,3.8949999999999996
Phoenix,Oleander,4,4.300000000000001
Phoenix,Orange,2,6.055
Phoenix,Palo brea,2,8.295
Phoenix,Palo verde,4,5.13
Phoenix,Paloverde.mexican palo verde,1,3.18
Phoenix,Peach,2,4.11
Phoenix,Pecan,2,28.700000000000003
Phoenix,Pink flower peach tree,1,3.96
Phoenix,Purple bauhinia,1,6.0
Phoenix,Queen palm,16,5.71875
Phoenix,Resinous juglans,1,6.04
Phoenix,Round leaf eucalyptus,1,5.11
Phoenix,Saguaro,5,5.116
Phoenix,Same as unknown front,1,5.22
Phoenix,Shamel ash,3,7.513333333333333
Phoenix,Sissoo,1,8.3
Phoenix,Sonoran palo verde,3,6.563333333333333
Phoenix,Sour orange,3,4.133333333333334
Phoenix,Southern live oak,1,4.8
Phoenix,Sweet orange,5,4.061999999999999
Phoenix,Tree brazilian pepper,1,3.27
Phoenix,Turkish pine,2,7.725
Phoenix,Velvet ash,2,9.8
Phoenix,Velvet mesquite,4,5.095
Phoenix,Velvet or arizona ash,4,16.075000000000003
Phoenix,Weeping bottle brush,1,3.57
Phoenix,Weeping bottlebrush,2,6.35
Phoenix,White mulberry,3,11.0
Pittsburgh,Alberta white spruce,3,20.778653333333335
Pittsburgh,American beech,5,53.805776
Pittsburgh,American elm,579,67.75869554404146
Pittsburgh,American filbert,1,36.08924
Pittsburgh,American holly,22,28.632785454545456
Pittsburgh,American hophornbeam,46,37.5870147826087
Pittsburgh,American hornbeam,132,45.335243636363636
Pittsburgh,American larch,2,24.6063
Pittsburgh,American linden,38,63.976380000000006
Pittsburgh,American mountainash,2,90.2231
Pittsburgh,American plum,1,82.021
Pittsburgh,American smoketree,3,26.24672
Pittsburgh,American snowbell,1,32.8084
Pittsburgh,American sweetgum,400,95.6446881
Pittsburgh,American sycamore,49,94.94349224489797
Pittsburgh,American yellowwood,14,48.74390857142857
Pittsburgh,Amur corktree,19,88.06465263157895
Pittsburgh,Amur maackia,12,48.66579333333333
Pittsburgh,Amur maple,118,50.85302
Pittsburgh,Ash:,72,94.1418811111111
Pittsburgh,Atlantic whitecedar,3,28.433946666666667
Pittsburgh,Atlas cedar,2,9.84252
Pittsburgh,Austrian pine,41,66.41700487804879
Pittsburgh,Balsam fir,2,82.021
Pittsburgh,Beaked filbert,1,39.37008
Pittsburgh,Bitternut hickory,1,39.37008
Pittsburgh,Black cherry,64,85.865734375
Pittsburgh,Black locust,153,83.80080209150327
Pittsburgh,Black maple,9,83.11461333333334
Pittsburgh,Black oak,3,87.48906666666666
Pittsburgh,Black tupelo,33,36.08924
Pittsburgh,Black walnut,23,74.88873913043479
Pittsburgh,Black willow,3,90.76990666666666
Pittsburgh,Blackhaw viburnum,6,27.340333333333334
Pittsburgh,Boxelder,39,70.24362564102564
Pittsburgh,Boxwood:,1,9.84252
Pittsburgh,Bur oak,14,51.08736571428572
Pittsburgh,Butternut,2,114.8294
Pittsburgh,Callery pear,2789,76.85917643599858
Pittsburgh,Canada plum,2,52.49344
Pittsburgh,Cherry plum,30,42.65092
Pittsburgh,Cherry/plum:,444,41.97110630630631
Pittsburgh,Chinese chestnut,2,100.06562
Pittsburgh,Chinese fringetree,1,26.24672
Pittsburgh,Chinkapin oak,16,38.959975
Pittsburgh,Colorado spruce,291,73.1368009621993
Pittsburgh,Common apple,15,43.525810666666665
Pittsburgh,Common baldcypress,109,43.10241174311926
Pittsburgh,Common buckthorn,3,26.24672
Pittsburgh,Common chokecherry,27,32.20083703703704
Pittsburgh,Common elderberry,1,49.2126
Pittsburgh,Common hackberry,119,50.92194521008403
Pittsburgh,Common lilac,1,22.96588
Pittsburgh,Common pawpaw,3,38.276466666666664
Pittsburgh,Common peach,7,37.49531428571429
Pittsburgh,Common pear,16,65.206695
Pittsburgh,Common smoketree,11,45.931760000000004
Pittsburgh,Common witchhazel,4,36.08924
Pittsburgh,Corneliancherry dogwood,125,33.80577536
Pittsburgh,Cucumbertree magnolia,4,55.774280000000005
Pittsburgh,Dawn redwood,29,54.07729379310345
Pittsburgh,Dogwood:,1,39.37008
Pittsburgh,Donald wyman flowering crabapple,1,19.68504
Pittsburgh,Downy serviceberry,214,44.904581121495326
Pittsburgh,Eastern arborvitae,230,39.698164
Pittsburgh,Eastern cottonwood,3,85.30184
Pittsburgh,Eastern hemlock,82,45.09154487804878
Pittsburgh,Eastern redbud,210,36.4485700952381
Pittsburgh,Eastern redcedar,79,43.024686582278484
Pittsburgh,Eastern serviceberry,33,43.94337212121212
Pittsburgh,Eastern white pine,91,63.74203428571429
Pittsburgh,Elm:,284,57.218311690140844
Pittsburgh,Engelmann spruce,1,39.37008
Pittsburgh,English oak,18,47.57218
Pittsburgh,English walnut,4,90.2231
Pittsburgh,European beech,10,56.758532
Pittsburgh,European hornbeam,194,45.37367896907217
Pittsburgh,European mountainash,2,32.8084
Pittsburgh,European white birch,2,101.70604
Pittsburgh,Fir douglas,7,102.64342285714285
Pittsburgh,Flowering crabapple,1011,41.216566607319486
Pittsburgh,Flowering dogwood,92,36.26754652173913
Pittsburgh,Fraser fir,1,98.4252
Pittsburgh,Freeman maple,667,73.16224011994004
Pittsburgh,Ginkgo,536,60.058959104477616
Pittsburgh,Goldenchain tree,2,24.606299999999997
Pittsburgh,Goldenraintree,56,52.72778571428571
Pittsburgh,Gray birch,10,63.648296
Pittsburgh,Green ash,137,87.38529313868612
Pittsburgh,Green hawthorn,3,50.30621333333334
Pittsburgh,Hankow willow,6,100.61242666666668
Pittsburgh,Hardy rubbertree,25,46.0629936
Pittsburgh,Hawthorn:,241,40.9900798340249
Pittsburgh,Heaven of tree,131,73.58097648854962
Pittsburgh,Hedge maple,565,50.27524375221239
Pittsburgh,Higan cherry,10,23.622048
Pittsburgh,Honeylocust,28,63.507688571428574
Pittsburgh,Horsechestnut,78,80.04408358974358
Pittsburgh,Hybrid elm,1,39.37008
Pittsburgh,Japanese barberry,1,19.68504
Pittsburgh,Japanese flowering cherry,105,46.36920533333333
Pittsburgh,Japanese maple,152,34.297728684210526
Pittsburgh,Japanese pagodatree,12,103.07305666666667
Pittsburgh,Japanese snowbell,2,18.044620000000002
Pittsburgh,Japanese tree lilac,526,37.76084669201521
Pittsburgh,Japanese zelkova,576,60.56453423611111
Pittsburgh,Katsuratree,29,41.06706620689655
Pittsburgh,Kentucky coffeetree,52,53.56602230769231
Pittsburgh,Kousa dogwood,77,32.0840587012987
Pittsburgh,Lacebark elm,32,53.82628125
Pittsburgh,Lacebark pine,1,22.96588
Pittsburgh,Littleleaf linden,1320,92.52962993939394
Pittsburgh,Lombardy poplar,3,89.67629333333332
Pittsburgh,London planetree,944,77.87824440677966
Pittsburgh,Magnolia:,1,39.37008
Pittsburgh,Maple:,15,58.398952
Pittsburgh,Mimosa,10,46.916012
Pittsburgh,Miyabei maple,137,49.356286423357666
Pittsburgh,Mountain silverbell,1,19.68504
Pittsburgh,Mugo pine,3,34.995626666666666
Pittsburgh,Nootka falsecypress,4,22.14567
Pittsburgh,Northern catalpa,49,72.04456816326531
Pittsburgh,Northern red oak,207,85.57128096618358
Pittsburgh,Norway maple,2594,87.01814681572861
Pittsburgh,Norway spruce,146,70.44817397260275
Pittsburgh,Oak:,12,37.72966
Pittsburgh,Ohio buckeye,37,39.370079999999994
Pittsburgh,Olive russian,3,36.08924
Pittsburgh,Orange osage,19,79.60353894736842
Pittsburgh,Paper birch,23,61.05215304347826
Pittsburgh,Paperbark maple,46,35.803949565217394
Pittsburgh,Paradise apple,1,59.05512
Pittsburgh,Pear:,47,62.12654468085106
Pittsburgh,Pecan,1,114.8294
Pittsburgh,Persian parrotia,26,42.777106153846155
Pittsburgh,Pin cherry,10,46.916012
Pittsburgh,Pin oak,187,84.30179786096257
Pittsburgh,Pine:,3,16.4042
Pittsburgh,Pussy willow,4,54.13386
Pittsburgh,Red buckeye,14,25.54368285714286
Pittsburgh,Red horsechestnut,1,32.8084
Pittsburgh,Red maple,2893,76.33481549948151
Pittsburgh,Red mulberry,9,83.84368888888889
Pittsburgh,Red pine,1,26.24672
Pittsburgh,River birch,50,56.2335976
Pittsburgh,Roughleaf dogwood,4,25.42651
Pittsburgh,Sargent cherry,2,37.72966
Pittsburgh,Sassafras,2,82.021
Pittsburgh,Saucer magnolia,55,58.75686181818182
Pittsburgh,Sawara falsecypress,7,28.121485714285715
Pittsburgh,Sawtooth oak,52,53.31365
Pittsburgh,Scarlet oak,11,63.52899272727273
Pittsburgh,Scotch pine,11,91.26700363636364
Pittsburgh,Serviceberry:,8,25.42651
Pittsburgh,Sharon of rose,14,24.13760857142857
Pittsburgh,Siberian elm,106,75.49027132075472
Pittsburgh,Silver linden,79,43.27386430379747
Pittsburgh,Silver maple,201,86.90145353233831
Pittsburgh,Slippery elm,7,57.18035428571428
Pittsburgh,Smooth serviceberry,96,36.260117083333334
Pittsburgh,Smooth sumac,2,31.16798
Pittsburgh,Southern magnolia,3,26.24672
Pittsburgh,Southwestern redbud,7,19.216348571428572
Pittsburgh,Staghorn sumac,1,75.45932
Pittsburgh,Star magnolia,4,20.50525
Pittsburgh,Striped maple,1,26.24672
Pittsburgh,Stump,27,59.54117037037037
Pittsburgh,Sugar maple,412,80.8424458252427
Pittsburgh,Swamp white oak,159,45.53970993710691
Pittsburgh,Sweet cherry,11,80.82796727272726
Pittsburgh,Sweetbay magnolia,36,26.337854444444442
Pittsburgh,Sycamore maple,11,88.28442181818183
Pittsburgh,Tatarian maple,89,46.63216404494382
Pittsburgh,Thornless honeylocust,1759,72.08708650369528
Pittsburgh,Trident maple,8,57.004595
Pittsburgh,Tuliptree,48,53.928807500000005
Pittsburgh,Turkish filbert,45,41.921844444444446
Pittsburgh,Umbrella magnolia,3,72.17848
Pittsburgh,Vacant site large,6,82.56780666666667
Pittsburgh,Vacant site medium,1,39.37008
Pittsburgh,Virginia pine,1,98.4252
Pittsburgh,Water oak,2,100.06562
Pittsburgh,Weeping willow,3,79.83377333333334
Pittsburgh,Western serviceberry,1,42.65092
Pittsburgh,White ash,74,85.25750432432433
Pittsburgh,White fir,2,44.29134
Pittsburgh,White fringetree,1,26.24672
Pittsburgh,White japanese pine,1,36.08924
Pittsburgh,White mulberry,297,72.79708956228956
Pittsburgh,White oak,15,47.462818666666664
Pittsburgh,White spruce,46,45.14721130434783
Pittsburgh,Willow oak,1,49.2126
Pittsburgh,Winged elm,1,19.68504
Pittsburgh,Wisteria:,2,26.24672
Pittsburgh,Yellow birch,1,104.98688
Pittsburgh,Yellow buckeye,9,44.109071111111106
Pittsburgh,Yew:,24,50.032810000000005
Pittsburgh,Yoshino cherry,9,48.848062222222225
Santa Rosa,Alder,3,104.98688
Santa Rosa,Cedar,3,97.33158666666668
Santa Rosa,Fir,61,87.72213180327869
Santa Rosa,Hackberry,16,76.689635
Santa Rosa,Maple,81,80.36032790123457
Santa Rosa,Oak,231,85.28763722943724
Santa Rosa,Pear,43,84.84404837209303
Santa Rosa,Pine,8,95.96457000000001
Santa Rosa,Pistache,218,69.39428091743119
Santa Rosa,Plum,16,67.0521675
Santa Rosa,Raywood ash,1,65.6168
Santa Rosa,Redwood,33,92.46003636363636
Santa Rosa,Sweetgum,1,78.74016
Santa Rosa,Sycamore,21,99.05012190476191
Santa Rosa,Walnut,5,87.926512
Santa Rosa,Willow,3,110.45494666666667
Seffner,Diamond oak laurel oak,3,73.27209333333333
Seffner,Live oak,3,73.27209333333333
Seffner,Water oak,4,95.96457
Sioux Falls,999,17,44.966807058823534
Sioux Falls,Accolade elm,66,53.984730909090906
Sioux Falls,Am sentry linden,2,29.527559999999998
Sioux Falls,American mountain ash,12,70.81146333333334
Sioux Falls,American plum,2,60.69554
Sioux Falls,Apple,119,60.84717546218487
Sioux Falls,Apple sp,15,82.45844533333334
Sioux Falls,Arborvitae,30,43.85389466666666
Sioux Falls,Ash,12,79.56037
Sioux Falls,Ashblack,171,83.84368888888889
Sioux Falls,Ashflowering,1,91.86352
Sioux Falls,Ashgr cimmaron,9,70.7203288888889
Sioux Falls,Ashgr mrshl sdls,117,102.35099145299147
Sioux Falls,Ashgr patmore,53,95.20626264150944
Sioux Falls,Ashgr prairie sp,6,101.70603999999999
Sioux Falls,Ashgr summit,65,100.74702523076922
Sioux Falls,Ashgreen,7310,101.8613301012312
Sioux Falls,Ashmanchurian ma,4,59.87533
Sioux Falls,Ashwh aut blaze,8,71.35827
Sioux Falls,Ashwhite,269,91.08294840148699
Sioux Falls,Aspenquak,116,69.3784527586207
Sioux Falls,Aut bril serbry,23,36.51717565217391
Sioux Falls,Aut sp bukeye,76,24.304117368421053
Sioux Falls,Balernia magnola,1,19.68504
Sioux Falls,Balsm fir,2,29.52756
Sioux Falls,Bigtooth aspen,9,30.98571111111111
Sioux Falls,Birchpaper,15,70.64742133333333
Sioux Falls,Birchriver,45,79.25051288888889
Sioux Falls,Black alder,22,40.11572545454545
Sioux Falls,Black locust,16,58.0298575
Sioux Falls,Black willow,1,104.98688
Sioux Falls,Blk spruce,1,42.65092
Sioux Falls,Blue beech,2,36.089240000000004
Sioux Falls,Blue hoopsi sp,1,26.24672
Sioux Falls,Blvd linden,11,41.45788727272727
Sioux Falls,Bristlecone pine,2,9.84252
Sioux Falls,Buckeyeohio,117,44.78206393162393
Sioux Falls,Butternut,1,121.39108
Sioux Falls,Catalpanorthern,124,50.64135290322581
Sioux Falls,Catalpaovata,2,26.24672
Sioux Falls,Cathedral elm,12,36.08924
Sioux Falls,Cherry,1,42.65092
Sioux Falls,Cherryblack,16,30.1427175
Sioux Falls,Cherrynorth star,2,26.24672
Sioux Falls,Chicagolnd hkbry,3,40.46369333333333
Sioux Falls,Chokchrycanad rd,20,55.77428
Sioux Falls,Chokchryshubert,3,52.49344
Sioux Falls,Chokecherryamur,40,48.064306
Sioux Falls,Com bucktrn,6,55.77428
Sioux Falls,Corktramur hs mj,33,20.18213696969697
Sioux Falls,Corktreeamur,44,31.391673636363635
Sioux Falls,Cottonwoodeastrn,44,83.06490363636364
Sioux Falls,Crabappl,27,36.57529037037037
Sioux Falls,Crabappl centurin,2,34.44882
Sioux Falls,Crabappl pinkspir,7,26.71541142857143
Sioux Falls,Crabappl prair fr,36,28.88961888888889
Sioux Falls,Crabappl sugartym,2,42.65092
Sioux Falls,Crabappl'adams,12,28.160543333333333
Sioux Falls,Crabappl'hvst gld,2,57.414699999999996
Sioux Falls,Crabappl'ind magi,2,50.85302
Sioux Falls,Crabappl'prari sp,1,65.6168
Sioux Falls,Crabappl'snowdrif,19,25.90136842105263
Sioux Falls,Crabappl'sp bride,4,24.606299999999997
Sioux Falls,Crabappl'spr snow,13,36.846356923076925
Sioux Falls,Crabappl'starlite,1,26.24672
Sioux Falls,Crabapple,928,55.93337245689655
Sioux Falls,Danada charm elm,12,57.96150666666667
Sioux Falls,Dogwoodpagoda,24,15.037183333333333
Sioux Falls,Elm,830,66.56547662650603
Sioux Falls,Elm amer princton,46,43.150178260869566
Sioux Falls,Elmamerican,43,89.04047162790698
Sioux Falls,Elmdiscovery,28,43.822648571428566
Sioux Falls,Elmsiberian,96,87.1473125
Sioux Falls,European buckthorn,1,65.6168
Sioux Falls,Fir douglas,24,33.35520666666667
Sioux Falls,Firwhite,184,37.15907913043478
Sioux Falls,Frontier elm,1,29.52756
Sioux Falls,Frtyard linden,45,28.506854222222223
Sioux Falls,Gingko prin sntry,26,31.798910769230766
Sioux Falls,Ginkgo,170,39.292883764705884
Sioux Falls,Ginkgoautmn gld,69,28.814333913043477
Sioux Falls,Gr fthill ash,1,62.33596
Sioux Falls,Gray birch,2,72.17848
Sioux Falls,Hackberrycommon,681,84.41056922173274
Sioux Falls,Hardy rubber tr,1,26.24672
Sioux Falls,Hawthmorden toba,6,45.38495333333333
Sioux Falls,Hawthn,85,45.31419011764706
Sioux Falls,Hawthncockspur,54,26.307476296296297
Sioux Falls,Hedge maple,1,29.52756
Sioux Falls,Hemlockcanadian,2,18.04462
Sioux Falls,Heritage oak,60,37.128172666666664
Sioux Falls,Hickoryshagbark,16,21.5305125
Sioux Falls,Homstd buckeye,6,35.54243333333333
Sioux Falls,Honeylcst imperia,6,47.025373333333334
Sioux Falls,Honeylcst nth acl,55,37.58053090909091
Sioux Falls,Honeylcst shdmstr,22,59.204249090909094
Sioux Falls,Honeylcst skyline,24,59.73862833333334
Sioux Falls,Honeylocust,1065,81.93166257276995
Sioux Falls,Ironwood,30,34.66754266666667
Sioux Falls,Jap white pine,7,18.278965714285714
Sioux Falls,Juniper,20,31.003937999999998
Sioux Falls,Katsura,8,22.14567
Sioux Falls,Kntky coff  st mr,29,47.741878620689654
Sioux Falls,Kntky coftre,217,54.685706359447
Sioux Falls,Kntky coftree esp,149,41.2196810738255
Sioux Falls,Kntkycoftre tru n,2,32.8084
Sioux Falls,Korean maple,5,20.997376
Sioux Falls,Korean mtn ash,3,30.62117333333333
Sioux Falls,Korean pine,2,22.96588
Sioux Falls,Larch,3,19.68504
Sioux Falls,Larcham,16,22.14567
Sioux Falls,Larcheuropean,25,28.215224
Sioux Falls,Laurl lef willow,10,27.230971999999998
Sioux Falls,Lilacjap tree,182,37.188862197802194
Sioux Falls,Limber pine,6,24.059493333333336
Sioux Falls,Linden,90,59.45611155555556
Sioux Falls,Lindenamer fastg,45,33.10003022222222
Sioux Falls,Lindenamer rdmnd,132,40.83651606060606
Sioux Falls,Lindenamerican,201,78.23415980099502
Sioux Falls,Lindenlittleleaf,1575,78.22772403809523
Sioux Falls,Locustblk pur rb,3,100.61242666666665
Sioux Falls,Lodgpole pine,1,19.68504
Sioux Falls,London plan blood,10,46.587928
Sioux Falls,London plan excla,37,28.99553189189189
Sioux Falls,Maackiaamur,9,40.82823111111111
Sioux Falls,Magnolia,10,28.215224
Sioux Falls,Magnoliamerrill,5,23.622048
Sioux Falls,Mapl jap,3,17.497813333333333
Sioux Falls,Maplamur,247,52.360612469635626
Sioux Falls,Maplamur flame,18,35.54243333333333
Sioux Falls,Maplblack,18,66.16360666666667
Sioux Falls,Maplboxelder,123,85.16847252032521
Sioux Falls,Maplbxeldr sensa,19,59.22779578947368
Sioux Falls,Maple,61,55.505358688524595
Sioux Falls,Maplfreeman,3759,79.02120029795158
Sioux Falls,Maplfrm matador,9,37.54739111111111
Sioux Falls,Maplfrman aut bl,199,60.8686496482412
Sioux Falls,Maplfrman celebr,2,83.66142
Sioux Falls,Maplfrman se gln,5,32.152232
Sioux Falls,Maplnorway,3169,90.79509876932786
Sioux Falls,Maplnwy columnar,20,81.364832
Sioux Falls,Maplnwy crmsn kg,377,73.45774652519894
Sioux Falls,Maplnwy deborah,21,37.49531428571429
Sioux Falls,Maplnwy emld lst,6,61.24234666666666
Sioux Falls,Maplnwy emrld qn,9,51.39982666666666
Sioux Falls,Maplnwy prin gld,2,50.85302
Sioux Falls,Maplnwy schewdlr,17,63.879884705882354
Sioux Falls,Maplnwy varigate,3,62.33596
Sioux Falls,Maplred,859,76.57839580908033
Sioux Falls,Maplred atum rad,11,34.896207272727274
Sioux Falls,Maplred aut spir,3,68.89764000000001
Sioux Falls,Maplrocky mtn,2,29.52756
Sioux Falls,Maplsilv silv qu,1,98.4252
Sioux Falls,Maplsilver,560,89.60794250000001
Sioux Falls,Maplsug fal fies,24,46.75197
Sioux Falls,Maplsug grn mtn,15,34.995626666666666
Sioux Falls,Maplsug legacy,9,98.78973777777777
Sioux Falls,Maplsugar,759,83.7586781027668
Sioux Falls,Maplsugar swtshd,5,80.708664
Sioux Falls,Mongolian linden,1,49.2126
Sioux Falls,Mtn asheuropean,32,72.89616375
Sioux Falls,Mtn ashoak leaf,11,35.79098181818182
Sioux Falls,Mulbry weeping,21,20.62242285714286
Sioux Falls,Mybe st st maple,132,49.80911636363636
Sioux Falls,New horizon elm,100,45.866143199999996
Sioux Falls,North treas ash,3,40.46369333333333
Sioux Falls,Norway spruce,88,59.726200909090906
Sioux Falls,Oak,41,50.732989268292684
Sioux Falls,Oakbur,665,60.47106147368421
Sioux Falls,Oakmongolian,4,36.90945
Sioux Falls,Oaknorthern pin,58,35.41044551724138
Sioux Falls,Oaknorthern red,414,55.74258106280193
Sioux Falls,Oakpin,32,52.903545
Sioux Falls,Oakswamp white,537,49.34090100558659
Sioux Falls,Oliverussian,3,82.021
Sioux Falls,Osage orange,1,39.37008
Sioux Falls,Peach,1,39.37008
Sioux Falls,Pear,136,61.68461676470588
Sioux Falls,Pearurrn mtn frt,3,34.99562666666666
Sioux Falls,Pecan,1,75.45932
Sioux Falls,Pineaustrian,429,75.3751958974359
Sioux Falls,Pinemugo,3,37.182853333333334
Sioux Falls,Pineponderosa,280,55.83286642857143
Sioux Falls,Pinescotch,387,69.00784909560723
Sioux Falls,Pineswiss stone,25,15.485564799999999
Sioux Falls,Pinewhite,65,36.291137846153845
Sioux Falls,Plum,202,55.46568613861386
Sioux Falls,Poplarnor'easter,4,49.2126
Sioux Falls,Poplarwhite,5,66.929136
Sioux Falls,Prai sent hkbry,21,34.52693523809524
Sioux Falls,Pur pri crabappl,32,27.477035
Sioux Falls,Red pine,10,16.4042
Sioux Falls,Redbudeastern,74,31.788679459459456
Sioux Falls,Redcedareastern,105,87.77028152380952
Sioux Falls,Reenspir linden,10,53.477692000000005
Sioux Falls,Reg prin oak,87,34.39225379310345
Sioux Falls,Rockymt jun,1,22.96588
Sioux Falls,Roy str magnola,3,16.4042
Sioux Falls,Rushmore arbor,1,22.96588
Sioux Falls,Russian hawtrn,5,29.52756
Sioux Falls,Serbian spruce,79,17.899266329113924
Sioux Falls,Serviceberry,13,47.950738461538464
Sioux Falls,Silv ster linden,17,32.42241882352941
Sioux Falls,Silver gm linden,22,39.22095090909091
Sioux Falls,Silver hyb maple,9,102.79965333333332
Sioux Falls,Silver linden,1,121.39108
Sioux Falls,Siouxl poplar,36,65.52566555555556
Sioux Falls,Skunkbush sumac,1,13.12336
Sioux Falls,Slippery elm,1,127.95276
Sioux Falls,Smk tree,3,52.49344
Sioux Falls,Smoketree,1,32.8084
Sioux Falls,Spruceblk hills,640,55.087354125000005
Sioux Falls,Sprucecolorado,965,68.75144712953367
Sioux Falls,Sprucemeyer,35,24.37195428571429
Sioux Falls,Staghorn sumac,1,59.05512
Sioux Falls,Sumac,1,78.74016
Sioux Falls,Sycamore,4,39.37008
Sioux Falls,Tatar mpl,3,33.902013333333336
Sioux Falls,Tatarian maple,30,53.69641466666667
Sioux Falls,Threeflowr maple,3,24.059493333333332
Sioux Falls,Tree of heaven,2,55.774280000000005
Sioux Falls,Tuliptree,3,42.65092
Sioux Falls,Turkish hazeluut,42,34.60505047619048
Sioux Falls,Valley forge elm,14,31.16798
Sioux Falls,Vanguard elm,23,43.364146086956524
Sioux Falls,Walnutblack,120,76.14282833333333
Sioux Falls,Wh fringetree,4,19.68504
Sioux Falls,White mulberry,98,66.95591836734694
Sioux Falls,White oak,32,56.184385
Sioux Falls,White swfsil fir,10,19.356956
Sioux Falls,Willow,12,88.58268
Sioux Falls,Willowcorkscrew,14,55.30558857142857
Sioux Falls,Willowgolden,15,36.089240000000004
Sioux Falls,Willowniobe tris,11,81.12622545454545
Sioux Falls,Wilson prpct elm,26,36.3416123076923
Sioux Falls,Yellow buckeye,1,118.11024
Sioux Falls,Yellowwoodamer,18,38.458735555555556
Sioux Falls,Yelwodamr perk p,8,27.477035
Tampa,A species of azalea,2,54.13386
Tampa,A species of hawthorne,1,26.24672
Tampa,A species of oak,24,101.50098750000001
Tampa,A species of orange,17,35.70325882352942
Tampa,A species of plum,3,42.65092
Tampa,African oil palm,1,19.68504
Tampa,African tuliptree,1,67.25722
Tampa,American beech,1,3.28084
Tampa,American elm,40,86.040029
Tampa,American holly,45,39.55234888888889
Tampa,American planetree american sycamore,9,114.28259333333332
Tampa,Angel's trumpet,1,24.6063
Tampa,Apamate,2,32.8084
Tampa,Areca palm,11,34.448820000000005
Tampa,Ashe's magnolia bigleaf magnolia,1,91.86352
Tampa,Avocado,4,31.16798
Tampa,Banyan tree,1,45.93176
Tampa,Bismarck palm,9,51.582095555555554
Tampa,Black cherry,233,83.73886472103005
Tampa,Black mangrove,6,80.38058
Tampa,Black oak,1,121.39108
Tampa,Black poui jacaranda,4,89.812995
Tampa,Blackjack oak,3,89.67629333333333
Tampa,Bluejack oak,70,92.96494485714287
Tampa,Bottlebrush,176,31.015122681818184
Tampa,Boxelder,2,118.93045000000001
Tampa,Brazilian pepper,21,50.14998285714286
Tampa,Burmese fishtail palm,5,82.1522336
Tampa,Butterfly tree purple orchid tree,8,35.0639775
Tampa,Buttonwood,54,27.21882074074074
Tampa,Cabbage palm,1300,75.31748676307691
Tampa,Callery pear,2,41.830709999999996
Tampa,Camphortree,124,94.33208751612904
Tampa,Canary island date palm,250,96.04331015999999
Tampa,Carolina laurelcherry,740,59.12472701081081
Tampa,Carrotwood,5,25.918636
Tampa,Chickasaw plum,8,30.1427175
Tampa,Chinaberrytree,10,82.67716800000001
Tampa,Chinese chestnut,1,59.05512
Tampa,Chinese elm,390,81.4489561025641
Tampa,Chinese fan palm,156,73.52446564102564
Tampa,Chinese privet,11,27.88714
Tampa,Chinese tallowtree popcorntree,2,31.988190000000003
Tampa,Christmas palm,7,52.49344000000001
Tampa,Club hercules,1,98.4252
Tampa,Common bamboo,1,98.4252
Tampa,Common pear,1,72.17848
Tampa,Common persimmon,72,44.76979583333333
Tampa,Crapemyrtle,2002,48.21671265334665
Tampa,Cypress bald,343,57.606002623906704
Tampa,Diamond oak laurel oak,565,91.88094038938053
Tampa,Earpod tree,4,81.20079
Tampa,Eastern hophornbeam,16,67.66732499999999
Tampa,Eastern redbud,21,52.64967047619048
Tampa,Edible date palm,51,85.23750980392157
Tampa,Everglades palm,18,69.80898444444443
Tampa,Flamegold,20,53.149608
Tampa,Florida maple,29,34.5619524137931
Tampa,Florida royal palm,6,78.19335333333332
Tampa,Footstool palm,2,100.88583
Tampa,Foxtail palm,22,59.80076545454545
Tampa,Frangipani,10,19.028872
Tampa,Glossy privet,1,52.49344
Tampa,Gold trumpet tree,23,37.230401739130436
Tampa,Golden fig strangler fig,1,26.24672
Tampa,Golden shower,5,41.0105
Tampa,Goldenrain tree,19,71.22876315789475
Tampa,Grapefruit,1,54.13386
Tampa,Gru palm gru,3,47.025373333333334
Tampa,Guava,1,45.93176
Tampa,Hackberry sugarberry,7,74.99062857142857
Tampa,Hedge apple osage orange,1,106.6273
Tampa,Horseradishtree,3,52.821524000000004
Tampa,Indian rosewood,7,89.05137142857143
Tampa,Japanese privet,146,36.965628767123285
Tampa,Java plum,2,100.88583
Tampa,Jelly palm pindo palm,12,55.74693966666666
Tampa,Kumquat,2,49.2126
Tampa,Largeleaf geigertree,6,41.83071
Tampa,Laurel oak darlington oak,6,98.15179666666667
Tampa,Leaf viburnum walter's viburnum small,3,47.57218
Tampa,Lemon,4,22.96588
Tampa,Lime pricklyash wild lime,1,59.05512
Tampa,Live oak,3595,85.63485210458971
Tampa,Loblolly pine,5,28.871392000000004
Tampa,Longan,1,45.93176
Tampa,Longleaf pine,27,94.05074666666667
Tampa,Loquat,82,31.58808756097561
Tampa,Mango,7,36.08924
Tampa,Michaux's hawthorn,4,34.858925
Tampa,Mimosa silktree,10,82.021
Tampa,Mountain ebony orchid tree,21,58.977004761904766
Tampa,Myrtle dahoon,26,47.38290076923077
Tampa,Nightflowering jessamine,1,39.37008
Tampa,Norfolk island pine,14,61.86726857142857
Tampa,Octopus tree australian umbrella tree,5,57.08661600000001
Tampa,Oleander,22,40.26485454545455
Tampa,Olive,6,28.160543333333333
Tampa,Orange,5,40.682416
Tampa,Oriental arborvitae,52,55.23798884615384
Tampa,Oxhorn bucida black olive,15,60.03937199999999
Tampa,Papaya,7,33.27709142857143
Tampa,Paper mulberry,4,90.633205
Tampa,Peach,12,34.995626666666666
Tampa,Pecan,5,86.614176
Tampa,Peregrina,4,27.88714
Tampa,Peruvian applecactus hedge cactus,2,13.943570000000001
Tampa,Pignut hickory,23,96.88463165217391
Tampa,Pine horsetail casuarina australian,1,95.14436
Tampa,Pink trumpet tree,61,43.16187049180328
Tampa,Plant garden rosemallow black shoe,1,39.37008
Tampa,Post oak,1,45.93176
Tampa,Powderpuff tree,1,18.04462
Tampa,Pumpkin ash green ash,7,56.24297142857143
Tampa,Punktree,3,55.227473333333336
Tampa,Purple trumpet tree,39,35.06292594871795
Tampa,Pygmy date palm,60,35.832240866666666
Tampa,Queen palm,207,73.22454492753623
Tampa,Red bay,2,47.57218
Tampa,Red cedar,29,72.74414206896552
Tampa,Red mangrove,10,22.96588
Tampa,Red maple,142,60.60543242253521
Tampa,Red mulberry,20,78.576118
Tampa,Ribbon fan palm,2,81.20079
Tampa,River birch,54,64.55356481481482
Tampa,Royal poinciana,3,60.14873333333333
Tampa,Rubber plant,2,74.63911
Tampa,Sacred fig bo tree,1,124.67192
Tampa,Sand live oak,1749,99.62704916409376
Tampa,Sand pine,7,103.81515142857143
Tampa,Saw palmetto,9,24.424031111111113
Tampa,Scrub wild olive,3,32.8084
Tampa,Seagrape,5,41.0105
Tampa,Senegal date palm,28,69.01481285714286
Tampa,Shumard's oak,66,71.13954733333334
Tampa,Silkoak,3,91.31671333333334
Tampa,Simpson's stopper twinberry,7,35.62054857142857
Tampa,Slash pine,568,108.12331683098591
Tampa,Slippery elm,2,60.695539999999994
Tampa,Solitaire palm alexander palm,2,63.15617
Tampa,Southern catalpa,2,83.66141999999999
Tampa,Southern magnolia,276,60.451854420289855
Tampa,Southern red oak spanish oak,6,77.37314333333333
Tampa,Surinam cherry,12,35.95253833333333
Tampa,Swamp chestnut oak basket oak,1,100.06562
Tampa,Swampmahogany,1,16.4042
Tampa,Sweet acacia,1,39.37008
Tampa,Sweet orange grapefruit sour orange,5,36.745408
Tampa,Sweet viburnum,30,28.652669333333332
Tampa,Sweetbay,25,28.346457599999997
Tampa,Sweetgum,6,98.4252
Tampa,Tall albizia,1,62.33596
Tampa,Tamarind,3,56.867893333333335
Tampa,Topal holly east palatka holly,77,52.28039844155844
Tampa,Tree caribbean trumpet,25,57.0209992
Tampa,Trumpet tree,134,29.331688955223882
Tampa,Turkey oak,51,101.25572862745098
Tampa,Washington fan palm,483,99.99769370600413
Tampa,Water oak,18,98.11534288888889
Tampa,Wax myrtle southern bayberry,5,48.228348
Tampa,Waxleaf privet,3,37.729659999999996
Tampa,Weeping fig,6,31.71478666666667
Tampa,White leadtree,6,76.82633666666666
Tampa,White mangrove,4,38.139765
Tampa,White oak,1,6.56168
Tampa,White orchid tree,2,63.97638
Tampa,Wild date palm,22,82.24469363636364
Tampa,Winged elm,139,64.18880848920864
Tampa,Woman's tongue,10,75.131236
Tampa,Yaupon,123,51.80526380487805
Tampa,Yellow poinciana,1,108.26772
Tampa,Yellowleaf hawthorn,1,82.021
Tampa,Yew plum pine,79,65.80368329113924
Temple Terrace,Sand live oak,1,82.021
Temple Terrace,Turkey oak,3,111.54856
Waipahu,Giant crape myrtle,13,67.88815076923076
Waipahu,Golden shower,2,82.021
Waipahu,Rainbow shower,25,89.7637824
Waipahu,Tulipwood,1,45.93176
